0.14920095,0.0071666283,0.071188726,-0.12551332,-0.027685521,0.1379511,0.06057852,-0.14140984,-0.0071939332,-0.022734623,-0.023240644,0.062418137,0.11842676,0.015433902,0.035145316,-0.06916401,0.26090932,-0.015121478,0.04506514,0.08727029,0.038014416,0.05619831,0.05362866,-0.038899533,-0.07148882,-0.044905424,-0.08049938,-0.095157556,-0.03761627,-0.05420859,-0.07091594,0.12872565,0.050007243,0.0004117953,0.0037900708,0.17960128,-0.11337584,-0.06953758,-0.064509556,-0.09909405,0.024338193,-0.101096496,-0.14668517,0.07809104,0.045894675,0.03301133,-0.008971092,-0.006487831,-0.10365979,0.030000689,0.03382574,0.04757428,-0.07360301,0.15077434,-0.1901884,0.075170405,0.13016808,0.11938387,0.0050929883,0.031650122,0.008574245,0.08958939,-0.048013262,0.0054545016,0.013673889,0.013199325,-0.22323017,-0.07087452,-0.065068245,0.035247397,0.0015486425,0.025343154,0.0059467684,-0.029880386,-0.029842198,0.022986466,-0.028188488,-0.02809076,0.08016012,-0.043425944,-0.063837655,0.13217147,-0.075468145,-0.10783906,-0.069506444,0.06705631,-0.0886525,0.0041691214,0.03576561,-0.062409807,0.123330384,-0.07317281,-0.109393045,0.00330035,-0.02703114,-0.07108186,-0.057127185,-0.084138006,-0.05965242,0.03663591,0.09476274,0.12963492,-0.0035833172,-0.092177205,0.17011052,-0.01319554,0.02904067,-0.061552573,0.019139808,-0.103289306,0.0282268,0.0639232,-0.06237481,-0.014694628,-0.17492303,-0.1765737,0.031635225,-0.16673891,-0.13453785,0.020168697,-0.07228603,-0.07019218,-0.017177746,0.1753075,0.16014189,-0.19193222,0.07959349,-0.14540437
0.15261522,0.007654171,0.067323186,-0.13466528,-0.021410499,0.13824831,0.063006796,-0.13753541,-0.010390735,-0.014838361,-0.033611476,0.06362222,0.107532226,0.0002056512,0.036205567,-0.07183068,0.25592482,-0.018648405,0.04508152,0.08861841,0.03516669,0.057959512,0.060053132,-0.038648907,-0.06895654,-0.038346637,-0.092459284,-0.090011016,-0.040751614,-0.05295376,-0.060793087,0.12347392,0.04899726,-0.0040701893,0.014890692,0.1761938,-0.10748041,-0.06739984,-0.066361256,-0.09471522,0.02789903,-0.091375075,-0.1558349,0.08766772,0.04893082,0.026890334,-0.016639741,-0.003704562,-0.10841985,0.015583701,0.039392877,0.051600277,-0.08102017,0.14931373,-0.18888558,0.07574845,0.12994727,0.12314921,0.0031527579,0.036802456,0.0077389344,0.09013488,-0.045584694,0.005699571,0.016959604,0.012482946,-0.21758473,-0.061897993,-0.06339656,0.036436018,0.009229457,0.019278588,0.002677379,-0.019193068,-0.031382117,0.03128123,-0.028839182,-0.028808258,0.07404364,-0.04809029,-0.06590939,0.13225706,-0.077507555,-0.10538658,-0.080648474,0.071436085,-0.09551663,-0.009945997,0.035365816,-0.05971223,0.12968868,-0.065466575,-0.09959704,-0.0015760778,-0.028961623,-0.069746844,-0.051745966,-0.08085179,-0.07135054,0.042019613,0.09343775,0.12533157,-0.006905971,-0.089079075,0.16929431,-0.012579458,0.033047736,-0.062031303,0.020130824,-0.1042333,0.028465591,0.049240462,-0.07236876,-0.011651072,-0.1688188,-0.17636792,0.0327129,-0.17366241,-0.14025234,0.017449485,-0.079388134,-0.07461381,-0.02241885,0.17502376,0.1551925,-0.20233479,0.085371144,-0.14007531
0.1674161,0.0056345705,0.064554125,-0.1258359,-0.02160631,0.13575271,0.05956189,-0.14890805,-0.004348144,-0.014804518,-0.03084203,0.073562644,0.102920346,0.002994227,0.043951057,-0.06897591,0.26593465,-0.022914743,0.046537217,0.09511482,0.031145873,0.067769624,0.051293537,-0.04276009,-0.060462426,-0.045086287,-0.09842977,-0.0945286,-0.03392186,-0.053373903,-0.06987564,0.12930323,0.04190086,-0.0076158945,0.0074647516,0.17269601,-0.106726125,-0.0702538,-0.060515538,-0.087676875,0.0257429,-0.09479146,-0.15315692,0.08663772,0.049890444,0.03679182,-0.010308114,-0.008509218,-0.0999575,0.022679426,0.04344581,0.044012956,-0.075565144,0.1514508,-0.18688506,0.07294465,0.13590638,0.13311486,-0.0029967392,0.032755047,-0.00184982,0.0819021,-0.05901223,-0.00015948863,0.02014782,0.016728953,-0.2106644,-0.059829533,-0.06320035,0.030551635,-0.009095648,0.024762701,-0.0035793388,-0.018833678,-0.023324309,0.022086352,-0.025444416,-0.030213151,0.06615614,-0.050625123,-0.06737171,0.13006252,-0.09074153,-0.109406635,-0.072638534,0.06347773,-0.08443815,-0.013080364,0.034914333,-0.0615486,0.12052096,-0.07836274,-0.106914826,-0.011202998,-0.026002761,-0.07563848,-0.04570672,-0.086821266,-0.079559445,0.04188595,0.09363624,0.11552349,-0.0020435094,-0.08421998,0.15918961,-0.025248006,0.029532641,-0.06468325,0.028729832,-0.09870187,0.025652759,0.052567057,-0.075666405,-0.00095590786,-0.16246396,-0.18573542,0.037698608,-0.1556298,-0.14164972,0.018620234,-0.07950035,-0.07899033,-0.021255493,0.17447689,0.14829765,-0.20312352,0.07486465,-0.15282443
0.15053381,0.0070799636,0.07300742,-0.13001795,-0.025806656,0.13050205,0.054538663,-0.14552924,-0.005255297,-0.014497415,-0.031483144,0.06492795,0.11305512,0.009782565,0.039487895,-0.07209395,0.26352474,-0.020046402,0.048144948,0.09633357,0.03620739,0.058567755,0.058052767,-0.039316263,-0.07088153,-0.042909592,-0.08729845,-0.09170499,-0.042251606,-0.050904833,-0.06837939,0.12272709,0.0399474,-0.0021678153,0.010507171,0.17462307,-0.10722054,-0.060956135,-0.06731767,-0.0950758,0.022234011,-0.0986238,-0.15152696,0.08420457,0.042339116,0.04096937,-0.009497847,-0.013342914,-0.107293144,0.018346975,0.0385223,0.040720113,-0.07317094,0.1625432,-0.19046444,0.07303042,0.13422036,0.120951355,0.00032347784,0.035039753,0.00871716,0.08630802,-0.04720087,0.0048676105,0.02389067,0.014942544,-0.21903373,-0.058605738,-0.06678316,0.033072647,0.0042088125,0.023062708,0.00075697363,-0.02319766,-0.029742572,0.027565714,-0.026854044,-0.03515859,0.07192436,-0.046577737,-0.06725696,0.12582518,-0.08241079,-0.097721845,-0.077488154,0.069446184,-0.088643834,-0.007974065,0.03240986,-0.06423736,0.13317706,-0.0711997,-0.10234504,0.0013293906,-0.031045612,-0.07540519,-0.054268576,-0.08435043,-0.0721193,0.032848574,0.09716742,0.12342689,-0.005700723,-0.089238726,0.16219461,-0.01578337,0.03739507,-0.06338788,0.013002243,-0.101064585,0.03215712,0.056139015,-0.0750579,-0.012570682,-0.17259765,-0.17954388,0.026125256,-0.16750118,-0.13971363,0.021985412,-0.07229005,-0.07984355,-0.028480597,0.1711387,0.15187852,-0.19857118,0.080354646,-0.14099073
0.15635657,0.005765935,0.06945446,-0.13360108,-0.024016535,0.13377947,0.058319673,-0.14148208,-0.0022466243,-0.011990044,-0.033505335,0.06745715,0.10481681,0.001755892,0.04248619,-0.07168807,0.26224142,-0.022783443,0.0432329,0.09396637,0.036020316,0.06362905,0.05931353,-0.04066853,-0.070166394,-0.04581479,-0.091646895,-0.09221808,-0.04062279,-0.04981461,-0.065603934,0.12604277,0.041831274,-0.0029272872,0.013329936,0.17190789,-0.10496129,-0.06756585,-0.070959285,-0.09055036,0.02234775,-0.096333496,-0.15643007,0.08900961,0.046827186,0.036150735,-0.014243207,-0.0075966683,-0.10500565,0.017767208,0.03776496,0.042447515,-0.07310007,0.15553465,-0.18975656,0.072386034,0.13223615,0.1262301,0.00024718957,0.032243717,0.005944102,0.08729585,-0.048661668,0.0060828933,0.019994063,0.017169725,-0.22027726,-0.058951892,-0.06464895,0.032958683,0.0074749975,0.02425921,0.00044248125,-0.023022855,-0.02857886,0.0272651,-0.027832424,-0.03173222,0.069558255,-0.049961302,-0.06816491,0.12454744,-0.08132895,-0.10244757,-0.07557622,0.06942405,-0.08407376,-0.0100640105,0.03320096,-0.062065892,0.13061565,-0.070262864,-0.101864636,-0.002368842,-0.027020982,-0.07831318,-0.04932108,-0.08379543,-0.072572604,0.03869676,0.0951894,0.12453398,-0.0077871997,-0.08826671,0.16317995,-0.02164465,0.03546094,-0.059559967,0.021819126,-0.100901075,0.030571628,0.046187967,-0.07518854,-0.011246357,-0.1649826,-0.18160072,0.027553659,-0.1664154,-0.14140423,0.019424906,-0.07726059,-0.0784904,-0.028538777,0.17185163,0.15341693,-0.20216846,0.08007249,-0.14488131
0.15272664,0.009766415,0.06941735,-0.12755308,-0.022211999,0.1321011,0.059019275,-0.14532475,-0.010199368,-0.016546262,-0.029469587,0.066693865,0.11449259,0.010054217,0.037069783,-0.071225114,0.26188448,-0.017008528,0.052255616,0.09243023,0.035048712,0.056394197,0.055544488,-0.03519881,-0.069057584,-0.039587643,-0.088539414,-0.09263982,-0.03958246,-0.051412664,-0.068306275,0.123265654,0.04655472,-0.0045639793,0.008638798,0.1755275,-0.10682042,-0.062050976,-0.06710601,-0.09681795,0.024879383,-0.093916506,-0.14774857,0.08095699,0.044602085,0.034812473,-0.012042235,-0.009871105,-0.105384864,0.01610708,0.04070991,0.04722307,-0.07207536,0.15806165,-0.19345494,0.07388863,0.13423209,0.12359783,0.004717006,0.03600733,0.0063092047,0.089059,-0.048727937,0.0038241914,0.022201482,0.015720116,-0.21679322,-0.06140496,-0.06234568,0.03243471,0.004570729,0.021350982,0.0012607005,-0.020178929,-0.029720344,0.028830223,-0.026736526,-0.03344655,0.07518816,-0.051638994,-0.06549555,0.13090722,-0.08139548,-0.09787904,-0.074077964,0.07288002,-0.09325085,-0.0076568667,0.0320886,-0.0625924,0.1305735,-0.0685072,-0.10382397,-0.0012290754,-0.02913158,-0.072184645,-0.05478922,-0.08209205,-0.074481115,0.0361031,0.097225934,0.12206042,-0.0059954696,-0.091086626,0.16679145,-0.012701018,0.036715943,-0.061549347,0.016947385,-0.101530954,0.031491823,0.055730842,-0.07204912,-0.011654683,-0.17138185,-0.17936942,0.02649609,-0.17103237,-0.1351908,0.02335796,-0.07865486,-0.07570839,-0.022011787,0.17683934,0.14883325,-0.20070563,0.079869345,-0.14134362
0.15460052,0.0047243345,0.07068085,-0.12877135,-0.026307803,0.13596216,0.060615733,-0.14151949,-0.005446048,-0.020183597,-0.029107537,0.06810914,0.110439375,0.0084683085,0.03583333,-0.06878079,0.25961065,-0.016767304,0.044247083,0.09085789,0.037013322,0.057401888,0.05299275,-0.037742034,-0.066163056,-0.040522147,-0.09108574,-0.09351477,-0.035555743,-0.04989023,-0.07205745,0.12650132,0.04896724,-0.0006971334,0.0047324277,0.17438503,-0.11180577,-0.06927331,-0.066979945,-0.09294484,0.02271009,-0.09882601,-0.14818119,0.083402544,0.049354136,0.036582936,-0.012467902,-0.0065454203,-0.10570083,0.019238899,0.03594769,0.045577418,-0.074769214,0.15413713,-0.18728065,0.07584326,0.13016222,0.1223823,0.0020583044,0.033137072,0.003951727,0.08738657,-0.048865717,0.0037767277,0.020136109,0.013198505,-0.22134311,-0.06406838,-0.0635366,0.03383792,0.001080962,0.024432555,0.005791797,-0.020298503,-0.023746217,0.02307787,-0.029069722,-0.028471518,0.07400497,-0.049040765,-0.06363219,0.13018759,-0.08286261,-0.10897569,-0.07538237,0.07108319,-0.08888081,-2.0094498e-05,0.032817423,-0.06294554,0.12461368,-0.07176661,-0.10485644,-0.0028883154,-0.026087439,-0.07141171,-0.051449705,-0.086208686,-0.066513576,0.0413928,0.092899725,0.12507823,-0.0015454532,-0.08960566,0.16473769,-0.017036052,0.030691281,-0.060431875,0.021980597,-0.10442308,0.029409768,0.054471478,-0.06510967,-0.012608091,-0.17230348,-0.18151964,0.032433826,-0.16478573,-0.13946374,0.021243416,-0.07504708,-0.07363855,-0.020616243,0.17663373,0.16072492,-0.19700354,0.07915365,-0.14871779
0.1535828,0.0023252212,0.07246695,-0.119738996,-0.022899488,0.1373877,0.06353826,-0.14385337,-0.004566578,-0.021333305,-0.028383099,0.06266204,0.11747637,0.012367315,0.03854291,-0.06855612,0.2607949,-0.01648197,0.04589838,0.08685876,0.03654011,0.053700324,0.056159705,-0.03798157,-0.063584805,-0.040503595,-0.08446627,-0.10305952,-0.031751744,-0.05349711,-0.071625754,0.12966023,0.051436663,0.002482317,0.0013929768,0.18147132,-0.10979788,-0.06912634,-0.062366467,-0.10255269,0.022697434,-0.09656363,-0.15286602,0.08253107,0.047451947,0.025903387,-0.020599274,-0.004908995,-0.10568026,0.03033642,0.033725053,0.05073008,-0.06989617,0.14760625,-0.18384473,0.06898439,0.13389823,0.12700549,0.0057862154,0.03314061,0.0077198814,0.0949168,-0.051243074,0.0059488053,0.007908479,0.017739171,-0.21988888,-0.07205035,-0.066105776,0.035813473,0.0032157644,0.025838561,0.008774713,-0.029531624,-0.032267876,0.021569364,-0.03626482,-0.03187346,0.08128839,-0.045893684,-0.061990418,0.1292084,-0.06947975,-0.11082494,-0.070994586,0.06454612,-0.08661687,0.009144419,0.029442254,-0.0631637,0.12871069,-0.07283928,-0.10130623,-0.0046960046,-0.02468832,-0.06329041,-0.052437764,-0.088002,-0.06890496,0.040054016,0.10048709,0.12704943,-0.0067205406,-0.09859551,0.16894878,-0.010582212,0.033372447,-0.062249754,0.02494918,-0.107494585,0.032827813,0.059948057,-0.057224814,-0.01326574,-0.17359763,-0.17702004,0.028956562,-0.16473316,-0.13849722,0.021359712,-0.07805768,-0.06939044,-0.014528213,0.16823708,0.15407561,-0.19185947,0.07915386,-0.14570741
0.17390607,0.011865914,0.058710314,-0.11773326,-0.017548019,0.13557813,0.06629057,-0.15020771,-0.017573003,-0.0134274205,-0.028761897,0.075002976,0.11206934,0.007802493,0.04461318,-0.06960089,0.264767,-0.017185425,0.06450592,0.08600269,0.02974597,0.058744296,0.048781995,-0.03103522,-0.060033783,-0.03265331,-0.092948705,-0.093098946,-0.031247804,-0.05450815,-0.065144084,0.130289,0.04480591,-0.011078245,0.008669497,0.17319357,-0.11307886,-0.065107755,-0.055974826,-0.098813094,0.026731562,-0.08089795,-0.14631675,0.083701044,0.049703456,0.026541434,-0.019722108,-0.0027569355,-0.10756082,0.015880505,0.0429469,0.05625923,-0.06931527,0.14593838,-0.18862106,0.067912064,0.13537012,0.13368635,0.00023514862,0.035403043,-0.0003166473,0.09619915,-0.0573946,-0.009488969,0.019012095,0.018968424,-0.21168214,-0.06398556,-0.056167595,0.033733185,-0.008341468,0.021906273,-0.0008355943,-0.011777069,-0.027895764,0.024543734,-0.019127747,-0.033347018,0.08630188,-0.057249375,-0.065212585,0.13072489,-0.07830633,-0.09985174,-0.076856345,0.07369119,-0.09221024,-0.007138382,0.032298215,-0.055970177,0.124383144,-0.06776809,-0.10174499,-0.013242872,-0.02873936,-0.070878685,-0.057529103,-0.0854663,-0.08132563,0.041171744,0.10441797,0.11468497,-0.0024191965,-0.09110108,0.16799961,-0.013518127,0.04043404,-0.059696827,0.020646524,-0.09770211,0.028479377,0.05523616,-0.071377814,0.0018578933,-0.16460939,-0.17215352,0.025114264,-0.17205516,-0.1335759,0.027627233,-0.091935344,-0.070574984,-0.014658579,0.17978607,0.13612299,-0.2074469,0.07990106,-0.13946703
0.14464307,0.006226961,0.06722077,-0.12728164,-0.022906352,0.13817437,0.054721083,-0.14116675,-0.0054937024,-0.024604395,-0.025337858,0.056717847,0.12664856,0.01715987,0.034592506,-0.07074907,0.2566829,-0.015271573,0.045854732,0.08517664,0.03884727,0.055266622,0.05595918,-0.037462898,-0.068131074,-0.042044584,-0.07869873,-0.10359258,-0.035396297,-0.053072218,-0.06816542,0.12977336,0.05529594,0.0014306441,0.0045448593,0.18310101,-0.10648966,-0.06870369,-0.062805526,-0.10389622,0.02352939,-0.10387587,-0.14959456,0.07765191,0.047813278,0.02869715,-0.00627806,-0.0010611985,-0.10452311,0.03229907,0.03814735,0.05624038,-0.07648358,0.14907676,-0.1879444,0.07199944,0.13381788,0.119009055,0.011693142,0.035795104,0.008416266,0.088779464,-0.048158485,0.0050555523,0.0053455248,0.01328977,-0.2200625,-0.07041017,-0.066085726,0.040104285,0.0064770584,0.026610421,0.0025725989,-0.026719153,-0.032982785,0.024467016,-0.031672817,-0.03125848,0.07953902,-0.040864658,-0.061070837,0.1350086,-0.07122245,-0.11031256,-0.06932484,0.06321777,-0.092156686,0.0003109769,0.037173748,-0.062458754,0.122234225,-0.06985031,-0.102830015,0.0069201756,-0.030869232,-0.06324938,-0.05387566,-0.08113102,-0.060598854,0.039946854,0.09206726,0.12875186,-0.0056729075,-0.09338808,0.17327142,-0.0063513345,0.027478218,-0.06482071,0.022099212,-0.10493546,0.024895914,0.06403055,-0.061646327,-0.011370828,-0.17770392,-0.17472345,0.033574868,-0.16983032,-0.14114228,0.016815975,-0.06809567,-0.07428118,-0.0135542415,0.17646499,0.16502474,-0.18754806,0.081721485,-0.13991602
0.15530638,0.0056945006,0.06982051,-0.1339069,-0.024446225,0.13400903,0.05794049,-0.14141472,-0.0018643945,-0.0121246595,-0.033330157,0.06655227,0.10569936,0.0023722406,0.042032834,-0.071559906,0.26223058,-0.022629432,0.042834613,0.09334937,0.036256824,0.06333011,0.059941642,-0.04058034,-0.07095061,-0.046125982,-0.091149956,-0.09224494,-0.04069776,-0.049872607,-0.06548877,0.12634428,0.041911323,-0.0026221531,0.013524491,0.17233478,-0.10497007,-0.06781115,-0.07142352,-0.09120801,0.022187294,-0.097042695,-0.15621941,0.08896383,0.045967147,0.036066722,-0.013939571,-0.00800561,-0.105219275,0.018451191,0.03696704,0.04249919,-0.07289708,0.15568039,-0.19018644,0.07224617,0.13207646,0.12559792,1.9159977e-05,0.031905238,0.006316626,0.087787144,-0.04816189,0.006359669,0.019583091,0.016713494,-0.22073574,-0.05911528,-0.06479169,0.032981142,0.0077910265,0.024391677,0.0007988456,-0.023748688,-0.029534068,0.02721922,-0.027884886,-0.031767957,0.069725215,-0.049444694,-0.06814819,0.12442487,-0.08061099,-0.10258405,-0.07510435,0.0693426,-0.08359503,-0.009526139,0.03342417,-0.062070914,0.13062507,-0.07043495,-0.102329835,-0.0015148666,-0.027340133,-0.078481115,-0.04964422,-0.083572455,-0.07171093,0.038052928,0.09530586,0.12526703,-0.007928686,-0.0884503,0.16358687,-0.02155669,0.035215978,-0.05925168,0.021470295,-0.10075,0.030664168,0.046848066,-0.07481929,-0.0115301665,-0.1656714,-0.18090448,0.027905934,-0.16700344,-0.14105913,0.019498808,-0.076806016,-0.078021586,-0.028686503,0.17143975,0.15429781,-0.20122749,0.08014862,-0.14426744
0.16177908,0.026820011,0.0714313,-0.11564073,-0.03370306,0.13410714,0.07332717,-0.13499787,0.0046159197,-0.026644982,-0.015571962,0.081698634,0.0901974,0.004682398,0.034618367,-0.062402453,0.26314002,-0.009094456,0.03661448,0.08770004,0.030508142,0.0677372,0.047434945,-0.034452513,-0.06724681,-0.05388462,-0.09805113,-0.09277733,-0.030134821,-0.061274156,-0.078705825,0.12832765,0.04990007,-0.010789568,-0.002061452,0.18888721,-0.12242347,-0.07061114,-0.06149584,-0.08094281,0.037856717,-0.08121519,-0.15126438,0.076525144,0.052648216,0.018790489,-0.023269571,-0.008107373,-0.098486185,0.02829875,0.040911917,0.05317057,-0.07706687,0.14133097,-0.18390745,0.07893742,0.13245808,0.12420763,0.009836282,0.037467036,0.015014321,0.094404064,-0.062236216,0.009384393,0.018721161,0.019973366,-0.20990187,-0.08392443,-0.07333458,0.035388723,-0.005578637,0.02749282,0.01009005,-0.03707708,-0.028039375,0.025531251,-0.019621475,-0.011080933,0.0747264,-0.049310923,-0.058313467,0.14032124,-0.07917918,-0.11072165,-0.061641496,0.067821056,-0.082039215,0.015227167,0.030011302,-0.0520691,0.12607366,-0.080119096,-0.11260082,-0.00234031,-0.021783506,-0.07423161,-0.060689498,-0.0768789,-0.0703251,0.03700632,0.08929842,0.11819865,0.0013616584,-0.08285405,0.1571982,-0.017823229,0.028840072,-0.06968371,0.03202513,-0.1071784,0.03841415,0.044073716,-0.056223013,-0.02580405,-0.16366927,-0.18332075,0.03389923,-0.16324708,-0.11703204,0.013089886,-0.08769119,-0.05470217,0.0026672098,0.18143481,0.1530003,-0.20506555,0.0734528,-0.17055905
0.15586117,0.0034073398,0.07191157,-0.12897934,-0.022408701,0.13597265,0.063531145,-0.13865559,-0.005020543,-0.00944423,-0.031307627,0.061510574,0.10481448,0.0018908,0.037736878,-0.071793646,0.2622305,-0.023857703,0.042494603,0.09333532,0.03385593,0.063346684,0.057897057,-0.042205766,-0.07081614,-0.042977765,-0.089141004,-0.09083935,-0.04320391,-0.051636066,-0.067893386,0.12248978,0.04501638,0.0023599868,0.011034267,0.17481373,-0.1026524,-0.06675095,-0.069198534,-0.090542644,0.027510256,-0.093001835,-0.1580726,0.08255693,0.045652565,0.034817766,-0.012410172,-0.01121258,-0.10411683,0.020147096,0.038199246,0.045067225,-0.07408968,0.15334812,-0.19470878,0.07648864,0.12978071,0.13039592,0.0017419227,0.034008607,0.010248296,0.08286233,-0.04745693,0.011661251,0.016297206,0.018133486,-0.2186626,-0.06254074,-0.06826839,0.030608745,0.008531886,0.022316055,-0.0021574192,-0.030861072,-0.030793287,0.02901019,-0.030689547,-0.029149724,0.0680304,-0.04884659,-0.06581495,0.12884274,-0.08115204,-0.10808815,-0.07306728,0.0643983,-0.08375976,-0.00917964,0.03004185,-0.06538628,0.1308875,-0.06976584,-0.1053423,-0.0059603034,-0.029993325,-0.08102525,-0.050781447,-0.08030887,-0.07482303,0.03669706,0.09070392,0.1265461,-0.009286596,-0.09393272,0.16314496,-0.020443276,0.03080219,-0.06011522,0.019123754,-0.104708575,0.03686986,0.04917253,-0.06978298,-0.0118870465,-0.16528581,-0.18086544,0.03176751,-0.16748866,-0.1404489,0.01821408,-0.07520617,-0.07414146,-0.027350292,0.16774283,0.1546333,-0.20165181,0.07929544,-0.14833142
0.14916174,0.003492093,0.06984694,-0.12848103,-0.02196147,0.13559581,0.056928493,-0.14321367,-0.011903304,-0.016255056,-0.03006591,0.06006619,0.12028419,0.010673641,0.03727505,-0.07186177,0.26174045,-0.019726355,0.048504677,0.08858894,0.037170768,0.052540313,0.055607595,-0.037758775,-0.06742911,-0.035670947,-0.08514424,-0.09419023,-0.039320536,-0.05275383,-0.06562102,0.12583415,0.049517486,-0.0025153945,0.0074668513,0.1768458,-0.10594716,-0.06581783,-0.06667268,-0.1013624,0.023505466,-0.09958282,-0.15092535,0.08314457,0.044322006,0.03348421,-0.010623425,-0.005894416,-0.108958006,0.020250026,0.039079983,0.048874166,-0.074522644,0.15402947,-0.19006746,0.073706344,0.13218762,0.12220504,0.0027152973,0.034315836,0.006742135,0.08946811,-0.044530835,0.0030021542,0.01582182,0.011009902,-0.21951486,-0.06457258,-0.063546985,0.035185583,0.0052888114,0.021925705,0.002996414,-0.02228606,-0.03266367,0.028420791,-0.03165127,-0.035171926,0.07661296,-0.047488052,-0.06620301,0.1304125,-0.07707117,-0.106388226,-0.07589523,0.06768937,-0.09246869,-0.007478709,0.033701003,-0.06379194,0.12727857,-0.06734014,-0.101965,-0.00029245426,-0.03162218,-0.06816572,-0.052044604,-0.08495055,-0.07023011,0.037513785,0.097288154,0.12570035,-0.007934242,-0.09453142,0.17066984,-0.009877743,0.032329652,-0.0605443,0.016681198,-0.10377761,0.030014731,0.061608754,-0.06901828,-0.009603744,-0.17584091,-0.17464407,0.032887634,-0.17019953,-0.1418589,0.021199983,-0.072709315,-0.075152956,-0.023470702,0.17225239,0.15524521,-0.19163764,0.082050696,-0.13682851
0.15088093,0.0021333133,0.0703721,-0.12735018,-0.02167113,0.13553114,0.058691774,-0.1445051,-0.012525645,-0.014635485,-0.03069429,0.05959996,0.11944495,0.009904177,0.038790368,-0.07207773,0.26346797,-0.020851607,0.048465207,0.08809118,0.03718402,0.053271428,0.055916864,-0.03852375,-0.067234606,-0.036120467,-0.084738515,-0.09389801,-0.039092664,-0.05254766,-0.06546524,0.12643446,0.049264405,-0.0018705127,0.00807,0.1762831,-0.1051185,-0.06695687,-0.06789819,-0.10156841,0.022669978,-0.09962009,-0.1512081,0.08395857,0.043091223,0.033951834,-0.011239371,-0.007280576,-0.1087622,0.020456392,0.037998557,0.04760809,-0.07259004,0.15355495,-0.19160868,0.07167785,0.13206607,0.12382298,0.0010910043,0.03247118,0.006053429,0.09028957,-0.04434742,0.0036098515,0.0147213815,0.011385712,-0.21952985,-0.06364928,-0.062348053,0.0335425,0.004801783,0.022467498,0.0030936578,-0.02326713,-0.03298097,0.027824776,-0.03217333,-0.036316454,0.0765617,-0.0492569,-0.0668162,0.12860666,-0.07659771,-0.10654636,-0.07530936,0.06749491,-0.09030024,-0.007476045,0.032484572,-0.0647509,0.12746364,-0.067236215,-0.1033525,-0.0019602554,-0.031782597,-0.06972092,-0.051491275,-0.086516745,-0.07133394,0.03734164,0.09901412,0.1260288,-0.008133022,-0.09546453,0.1707324,-0.011976249,0.032928284,-0.058821417,0.01681215,-0.1025905,0.03162788,0.06175313,-0.06882929,-0.008279089,-0.17513177,-0.1737198,0.03347101,-0.16934906,-0.14165938,0.022770092,-0.07309593,-0.074902914,-0.02485035,0.17018123,0.15345603,-0.19194487,0.08121882,-0.13652594
0.15298532,0.0071982886,0.073073395,-0.1288806,-0.025842147,0.13150543,0.05658679,-0.1455289,-0.006937067,-0.014407996,-0.030822596,0.06721883,0.1109657,0.007727141,0.038943786,-0.072249316,0.26434234,-0.019089399,0.050166078,0.09612937,0.034710974,0.059820727,0.056985557,-0.03877447,-0.07002262,-0.043427967,-0.0883931,-0.09044318,-0.04153297,-0.05202232,-0.06658269,0.12254604,0.040328346,-0.0020401138,0.01009196,0.17323396,-0.10864299,-0.060941238,-0.06587925,-0.094822355,0.022734836,-0.09775524,-0.15200141,0.08555358,0.04280167,0.03888103,-0.012526855,-0.013633298,-0.1075791,0.016773483,0.03827286,0.04056759,-0.0736929,0.1604052,-0.19059147,0.07221616,0.13346447,0.120842814,-0.00037396254,0.035243757,0.008304415,0.08918852,-0.04757732,0.0037099775,0.023850778,0.014632728,-0.21791823,-0.059167355,-0.06518481,0.03378583,0.0033271883,0.022062749,0.00078178744,-0.022629313,-0.029245535,0.026531707,-0.026209854,-0.034578957,0.073962405,-0.046764266,-0.06583157,0.1275514,-0.081900224,-0.09796839,-0.07635101,0.07182504,-0.08889059,-0.007376986,0.032493256,-0.06352725,0.13404563,-0.070798494,-0.10226687,-0.0003741771,-0.02929332,-0.07371552,-0.053816423,-0.0852105,-0.072412774,0.035035636,0.09785441,0.12363306,-0.0065748347,-0.08799183,0.16355434,-0.0144842435,0.03740235,-0.06308523,0.012833507,-0.10122536,0.031627305,0.055582296,-0.07450148,-0.011735692,-0.17196126,-0.17638035,0.027007338,-0.16646717,-0.13875866,0.022235464,-0.07397214,-0.07950498,-0.028134443,0.17176698,0.15173188,-0.20104018,0.08192596,-0.14128336
0.1512114,0.008820547,0.071667075,-0.12747839,-0.02514675,0.1329011,0.06030782,-0.14593205,-0.0116513185,-0.013617813,-0.029667148,0.064570144,0.11049601,0.0071395915,0.037220754,-0.0713028,0.26268333,-0.018061116,0.048871886,0.09232778,0.033805866,0.0571709,0.05738132,-0.03854575,-0.06858231,-0.0433145,-0.08786946,-0.09262472,-0.041614067,-0.051898513,-0.064532876,0.123335004,0.045894597,-0.0030548559,0.0097478945,0.1744083,-0.1041582,-0.06559488,-0.06948756,-0.098432116,0.025748847,-0.09521369,-0.14904752,0.08190194,0.044747826,0.0335699,-0.012540917,-0.011664633,-0.1044641,0.014537973,0.03982941,0.044431675,-0.072695084,0.15638514,-0.19622159,0.07186216,0.13429402,0.1248152,0.005275998,0.036158767,0.004362136,0.08909849,-0.04601736,0.007247963,0.01865992,0.017226268,-0.21657778,-0.06113326,-0.05971303,0.031042991,0.004338647,0.021236818,0.00244794,-0.020649739,-0.029813325,0.029536659,-0.028733766,-0.03288537,0.07263626,-0.053442866,-0.06658186,0.12980054,-0.08066657,-0.09915956,-0.07288275,0.070426695,-0.09171072,-0.009559069,0.03184834,-0.06554044,0.13088857,-0.069105245,-0.10633508,-0.0039511803,-0.029142253,-0.074037515,-0.051536176,-0.08122267,-0.07643022,0.037198916,0.097304426,0.12425946,-0.0072355173,-0.09049159,0.16763324,-0.0148317935,0.0350431,-0.06197062,0.0195071,-0.10188053,0.03250124,0.053937618,-0.0743817,-0.011314081,-0.17164831,-0.17876476,0.030611394,-0.1698447,-0.13317971,0.02475592,-0.07837484,-0.0770609,-0.023444554,0.17416209,0.14827935,-0.20186158,0.080338016,-0.14068195
0.15344094,0.006251573,0.06991465,-0.13196525,-0.024370143,0.13354228,0.05559525,-0.14286575,-0.0035637747,-0.01495465,-0.0315538,0.06517741,0.11089438,0.006596455,0.041598294,-0.07146075,0.26249275,-0.021304235,0.044977088,0.09331802,0.03667936,0.06094089,0.058100253,-0.03991424,-0.07020002,-0.044301413,-0.08859319,-0.09345245,-0.04019761,-0.050876595,-0.06703324,0.12698539,0.04226912,-0.0034682485,0.012162141,0.17411196,-0.10661307,-0.06595474,-0.06795645,-0.094181694,0.0217585,-0.098302245,-0.15410823,0.0869139,0.045538347,0.037213974,-0.011123093,-0.007619345,-0.10676928,0.020084437,0.037926722,0.043724075,-0.073016375,0.15686785,-0.18877216,0.0724335,0.1329794,0.12373486,0.0006772592,0.03261164,0.0064011044,0.087390795,-0.048149996,0.0046634334,0.019367732,0.016104734,-0.22081567,-0.060682323,-0.06519662,0.03454426,0.005654241,0.024943171,0.0010967797,-0.02256674,-0.029423688,0.02664508,-0.02732121,-0.032867502,0.07181952,-0.0471687,-0.06782045,0.12550972,-0.08031712,-0.10234898,-0.076270424,0.068827674,-0.085778765,-0.007864742,0.034184065,-0.062085357,0.12943104,-0.07084535,-0.10208448,0.00034365887,-0.028663425,-0.075431265,-0.051714227,-0.08444665,-0.07085385,0.03594374,0.096115634,0.12506399,-0.006540776,-0.08898858,0.16420276,-0.01895353,0.035358757,-0.061548866,0.019541524,-0.100711994,0.028891113,0.05156787,-0.073952526,-0.01142775,-0.169436,-0.1803325,0.027830994,-0.16665703,-0.14134216,0.019799784,-0.074756145,-0.078474246,-0.026866669,0.17176844,0.15420035,-0.19858527,0.08000975,-0.14281309
0.15287521,0.0014247997,0.06854385,-0.11926736,-0.027568622,0.1378828,0.062441558,-0.1461785,-0.00949588,-0.022001082,-0.027040914,0.062758185,0.1193819,0.018999515,0.042097975,-0.070426874,0.26213092,-0.012703456,0.04942638,0.08739875,0.03671326,0.051849864,0.054709032,-0.03971918,-0.067058615,-0.04045723,-0.07851103,-0.09503282,-0.036045972,-0.054231547,-0.06815958,0.13118628,0.05072589,-1.6111083e-07,0.0052592107,0.18078169,-0.112756334,-0.07106566,-0.061598524,-0.10449557,0.023473851,-0.09732783,-0.14908192,0.081390984,0.045686696,0.029667705,-0.015173728,-0.003904269,-0.10469095,0.031086987,0.033574652,0.048170615,-0.06787734,0.15356457,-0.18519147,0.07150887,0.13267112,0.124259435,0.002960249,0.03128051,0.008340971,0.093038626,-0.046331327,0.0024063566,0.006189731,0.018040445,-0.22197682,-0.06777244,-0.062676445,0.035522398,0.0010305565,0.025134122,0.006469962,-0.026822375,-0.029470444,0.022203105,-0.034203548,-0.03431703,0.08838897,-0.043349817,-0.06425361,0.12858136,-0.072568506,-0.10719276,-0.07617619,0.063305974,-0.09067039,0.0077561564,0.032290485,-0.06348655,0.1258834,-0.073576085,-0.10416778,-0.002682922,-0.027905447,-0.06576921,-0.056565,-0.08808115,-0.06288011,0.038060162,0.10468829,0.1268286,-0.0059639406,-0.094440974,0.17195833,-0.010755712,0.03787154,-0.061380513,0.016997099,-0.102308504,0.028753567,0.067797795,-0.061554506,-0.010769961,-0.17374568,-0.17337598,0.027898828,-0.16504546,-0.13689545,0.02237353,-0.078883044,-0.06980128,-0.016690256,0.17025512,0.15077592,-0.19344512,0.082122244,-0.13872121
0.16507806,0.0031362867,0.06951003,-0.100886,-0.026398718,0.1452169,0.08180087,-0.12851852,-0.00277015,-0.021164324,-0.017889686,0.062347785,0.11850799,0.009312361,0.04284028,-0.062764004,0.25636458,-0.017097566,0.021655511,0.07857138,0.04309419,0.08166203,0.053953074,-0.05399302,-0.0688297,-0.06744489,-0.081080206,-0.10236904,-0.016573975,-0.04492545,-0.08162591,0.14659958,0.06654383,-0.008834598,0.0023996711,0.18746999,-0.0897175,-0.09012477,-0.07901808,-0.10981222,0.03673791,-0.087069385,-0.15407294,0.07435009,0.05485598,0.0063276677,-0.029045973,0.019712776,-0.085055225,0.043870613,0.042420346,0.060617335,-0.045528494,0.13050042,-0.20848615,0.061900623,0.13091604,0.13967651,0.02781163,0.04002727,0.015792608,0.077763624,-0.05809418,0.025721896,-0.030825933,0.04156136,-0.21473631,-0.07691899,-0.065485105,0.013371576,0.013479433,0.04690787,-0.007899152,-0.05094582,-0.038767006,0.028306158,-0.028936915,-0.0076582334,0.06611188,-0.051548094,-0.052869428,0.11734079,-0.07864889,-0.119986,-0.0632811,0.05122755,-0.06782014,0.017868072,0.022578144,-0.06702515,0.113214,-0.07181494,-0.13107993,-0.009824727,-0.027283154,-0.07329893,-0.061718117,-0.06074683,-0.07662804,0.039434876,0.081320554,0.13734211,-0.021371279,-0.092451096,0.16024958,-0.026182208,0.027951935,-0.071641356,0.067553155,-0.10020037,0.0374317,0.024283228,-0.043191127,-0.022911211,-0.15206355,-0.19147511,0.021243565,-0.15165637,-0.115804255,0.030860964,-0.084644206,-0.056849457,0.0065525686,0.1539515,0.13864566,-0.21519098,0.061018996,-0.16186152
0.15359923,-0.0012079119,0.06848243,-0.11468945,-0.029358072,0.13784039,0.06249057,-0.14875819,-0.010204771,-0.02211157,-0.027132696,0.06360551,0.119461104,0.016978813,0.043803945,-0.06969437,0.26411256,-0.012913805,0.048445817,0.08810286,0.034622133,0.0536316,0.05548325,-0.041664977,-0.064946,-0.044614624,-0.074280486,-0.09646851,-0.036044035,-0.054022375,-0.066677496,0.13487081,0.04853763,-0.0012804208,0.00488317,0.18139924,-0.113887176,-0.07339728,-0.061104573,-0.10973375,0.023841182,-0.09742046,-0.14857501,0.07989244,0.044062786,0.031140197,-0.012319441,-0.00288912,-0.107140265,0.031152261,0.03250215,0.046194788,-0.06598392,0.152917,-0.18615337,0.06833152,0.13485685,0.12602124,0.0023300706,0.031453855,0.0075602485,0.092564955,-0.045374826,0.0014085652,0.0017268821,0.018742006,-0.21909203,-0.06940706,-0.058675624,0.034574483,0.00019258083,0.026836801,0.007405405,-0.02649095,-0.030110031,0.0246367,-0.03291201,-0.035031687,0.088655084,-0.043764576,-0.06508131,0.12518165,-0.074696854,-0.1086649,-0.07897907,0.062158767,-0.08995789,0.008676736,0.03335537,-0.064899914,0.12521774,-0.07228549,-0.10654132,-0.004534065,-0.028764116,-0.066368036,-0.0559767,-0.087978035,-0.06580211,0.036456063,0.10651014,0.12677225,-0.005771652,-0.09259609,0.17111985,-0.011338193,0.03815863,-0.06445392,0.016385194,-0.09985625,0.028515248,0.06760591,-0.06260572,-0.009059947,-0.17264318,-0.17095438,0.030043403,-0.16406068,-0.13517673,0.024177192,-0.07806828,-0.07368998,-0.01666106,0.16811569,0.14963315,-0.19484472,0.0818468,-0.13558675
0.15007105,0.007087102,0.06680089,-0.13111632,-0.024359941,0.14107935,0.069221996,-0.1353483,-0.013579866,-0.016487023,-0.03189226,0.06265851,0.10774434,-0.00012990598,0.032058097,-0.07151912,0.2536519,-0.016553463,0.041987866,0.08716018,0.03364623,0.057177827,0.060804643,-0.04016722,-0.06843341,-0.04087168,-0.089654736,-0.08728537,-0.041023836,-0.054093853,-0.05685782,0.12357689,0.053493194,-0.0053196303,0.014606846,0.17958955,-0.10623529,-0.07154683,-0.06499298,-0.09719308,0.035487548,-0.08738442,-0.15458365,0.082669854,0.05123831,0.02254364,-0.015036551,-0.0031138023,-0.10682004,0.015292978,0.040852476,0.055368826,-0.0828864,0.14783616,-0.1912733,0.08008936,0.12847361,0.122181416,0.007878141,0.040273096,0.008597226,0.0875331,-0.04459422,0.009859085,0.010479564,0.013999352,-0.21356818,-0.06500644,-0.06285813,0.036058508,0.008265871,0.016984038,0.0037710322,-0.020392831,-0.032581612,0.03622147,-0.027194137,-0.023875808,0.07289149,-0.04642656,-0.06461622,0.13803606,-0.07938089,-0.1079013,-0.08109013,0.06965638,-0.100734964,-0.010018638,0.037181843,-0.060255587,0.13021134,-0.066962734,-0.10465296,-0.0018890332,-0.029102009,-0.06719611,-0.05203007,-0.07558373,-0.071800575,0.044000357,0.09031919,0.12687725,-0.0082144365,-0.086691126,0.17115746,-0.008403243,0.028666534,-0.068405375,0.021322723,-0.10383232,0.025786662,0.0507387,-0.07142524,-0.01256288,-0.16683409,-0.1781017,0.03761823,-0.17488205,-0.1332101,0.01746549,-0.082813,-0.07367654,-0.01757984,0.17450781,0.15447444,-0.20586812,0.08574116,-0.13995641
0.15055475,0.010132737,0.06558517,-0.13292062,-0.022340603,0.14084806,0.06565888,-0.13649948,-0.013020057,-0.016230537,-0.030886589,0.06441132,0.10811894,0.0018851422,0.033366773,-0.070234954,0.25367993,-0.01512071,0.044882055,0.08664621,0.03422432,0.05830962,0.05817479,-0.03749303,-0.069494136,-0.040303133,-0.09167816,-0.09004737,-0.038151186,-0.05393108,-0.060421932,0.12358384,0.05352134,-0.005677784,0.012164532,0.17825858,-0.10531641,-0.06894593,-0.06734946,-0.09640153,0.03213289,-0.0928097,-0.15321423,0.08466461,0.04991251,0.022694979,-0.015894214,-0.0017459725,-0.10456256,0.017582435,0.040274534,0.054360952,-0.08152107,0.14746684,-0.19307125,0.07595297,0.12894017,0.12192692,0.008174571,0.0383138,0.008357906,0.090814255,-0.044925146,0.008379311,0.012264415,0.012082466,-0.2163467,-0.06369935,-0.06045791,0.035290994,0.009050156,0.019117126,0.0012559274,-0.020339549,-0.03133343,0.031519223,-0.028141556,-0.026597925,0.07371119,-0.050092928,-0.06354791,0.13589849,-0.07758968,-0.10735053,-0.07678716,0.07172129,-0.09869447,-0.009370973,0.037184265,-0.059943818,0.12546875,-0.06388916,-0.10402686,-0.00033224118,-0.028540816,-0.06717139,-0.053292997,-0.077816546,-0.069258146,0.043866184,0.09129339,0.12670678,-0.007164158,-0.08828198,0.17320001,-0.009440774,0.029012932,-0.062473454,0.023205806,-0.104353316,0.02687806,0.048955206,-0.069493815,-0.012901716,-0.17027718,-0.17591932,0.035680436,-0.17471589,-0.13373154,0.017301464,-0.07902994,-0.072537765,-0.017505443,0.1787269,0.15814097,-0.20313758,0.087502904,-0.14214088
0.15578336,0.017591672,0.071908206,-0.123857416,-0.02730763,0.13292646,0.067963675,-0.13771597,-0.0018159096,-0.023810223,-0.028438015,0.0793093,0.09861227,-0.00023677625,0.03403166,-0.061507225,0.25583217,-0.012396094,0.033654455,0.0876441,0.033203468,0.059207067,0.05484142,-0.030835077,-0.058077164,-0.041648224,-0.1048482,-0.10040687,-0.027491689,-0.05135188,-0.07361792,0.12910438,0.052803066,-0.0064057987,-0.00200795,0.18068983,-0.11116818,-0.07024553,-0.07306069,-0.088546835,0.03173212,-0.084705524,-0.15232407,0.08527848,0.057333786,0.0214397,-0.026288928,-0.003263906,-0.10567678,0.017582728,0.040005047,0.054627035,-0.07761124,0.14588062,-0.18397942,0.074402176,0.13333176,0.12686439,0.011384391,0.041083552,0.004786235,0.09477281,-0.05746372,0.009860474,0.01817672,0.014348786,-0.20997876,-0.07270061,-0.0649821,0.03256597,0.0002383664,0.025445446,0.010988182,-0.0242837,-0.031202244,0.0255364,-0.027288903,-0.020134043,0.06583055,-0.059439447,-0.061421804,0.13167825,-0.07901938,-0.11532837,-0.0681622,0.07153863,-0.08502029,0.0057672644,0.028253973,-0.05894867,0.13046996,-0.074643485,-0.09942928,-0.0074874116,-0.024710875,-0.06436917,-0.048221115,-0.08180958,-0.0792,0.04498548,0.093569554,0.11647348,0.0006387649,-0.08860762,0.15771459,-0.014210129,0.028799595,-0.06935323,0.037866283,-0.111108735,0.037271895,0.03926969,-0.058768433,-0.021384407,-0.16916451,-0.187329,0.035590358,-0.16916707,-0.12824713,0.020883609,-0.08553642,-0.064615205,-0.0057730284,0.1800577,0.15738848,-0.19913432,0.07728802,-0.16105893
0.15338665,0.010344318,0.06300685,-0.12830621,-0.025945744,0.13897006,0.07023883,-0.14023748,-0.0116587905,-0.017181778,-0.031168155,0.06819921,0.10329,0.0038438844,0.03728705,-0.06891709,0.25386316,-0.009985581,0.048234954,0.08788186,0.03186799,0.05604982,0.057767622,-0.034805477,-0.068298355,-0.03753002,-0.096713305,-0.08597803,-0.03817355,-0.054496992,-0.062427644,0.12451168,0.050855476,-0.008706399,0.013845885,0.17912246,-0.108761564,-0.06915982,-0.06411145,-0.096104525,0.035027016,-0.08623103,-0.15023674,0.08433131,0.051462956,0.023458282,-0.017002724,-0.006581927,-0.10416833,0.017092073,0.03957685,0.052408587,-0.080388404,0.15275145,-0.18983129,0.080663905,0.12878364,0.12382116,0.006187682,0.03836803,0.0077185063,0.08942072,-0.04582458,0.007000628,0.015840089,0.016209636,-0.21266481,-0.062223386,-0.063263014,0.034212653,0.0016094377,0.01630292,0.0037078764,-0.018359635,-0.029156426,0.030751893,-0.024520624,-0.025657995,0.07576007,-0.049752723,-0.06581818,0.13541067,-0.07906828,-0.105492845,-0.07989985,0.070597194,-0.1009268,-0.005294001,0.03433339,-0.056966744,0.12821403,-0.070516564,-0.1057627,-0.0061813765,-0.02966888,-0.06851158,-0.057127696,-0.07963892,-0.07199447,0.0403759,0.09613653,0.12336429,-0.0024195053,-0.08690366,0.16834678,-0.011451185,0.03411711,-0.066536486,0.019055206,-0.102504976,0.0278324,0.051985245,-0.069001436,-0.013500242,-0.16890924,-0.17943719,0.035217877,-0.17520194,-0.1276648,0.019340731,-0.088433504,-0.06957381,-0.015880948,0.17880554,0.14938067,-0.2077626,0.084868364,-0.1438345
0.15490174,0.004896787,0.07333679,-0.13128747,-0.02675838,0.1349885,0.06354294,-0.14003292,-0.0037764823,-0.009912419,-0.033505823,0.065508306,0.10282722,0.0007929089,0.03884463,-0.071496755,0.26193932,-0.022959959,0.04193798,0.09420874,0.03444006,0.06310632,0.061150104,-0.04189035,-0.071889274,-0.046273056,-0.090687044,-0.08913529,-0.042302098,-0.049990404,-0.06476127,0.12288919,0.04089631,0.00036160435,0.01331706,0.1724161,-0.105397366,-0.06757904,-0.07141581,-0.09103181,0.025105776,-0.09375356,-0.1567069,0.08684968,0.046610814,0.03594999,-0.015218418,-0.012510064,-0.10587353,0.016965076,0.035186276,0.040621527,-0.073524624,0.15609111,-0.19357017,0.07438165,0.13001874,0.1259984,-0.00089375244,0.033146452,0.007932035,0.086915605,-0.046583246,0.010493578,0.019644683,0.01725838,-0.21930607,-0.058669154,-0.06552009,0.03004851,0.0075087063,0.021872874,0.0016359582,-0.027533729,-0.030089011,0.02798223,-0.027145376,-0.030165449,0.06857755,-0.049590725,-0.06720124,0.12581089,-0.08225937,-0.1023013,-0.075246796,0.06900761,-0.083439834,-0.007527412,0.031157028,-0.06431446,0.13403831,-0.071559094,-0.1048443,-0.0046598795,-0.027647482,-0.08082797,-0.050105095,-0.08160213,-0.07237318,0.03771167,0.093717515,0.12594266,-0.007529161,-0.08933284,0.16207652,-0.021718858,0.035420448,-0.060917433,0.018909162,-0.10276853,0.03498334,0.046580143,-0.07354164,-0.0138416495,-0.16488275,-0.18069784,0.029781053,-0.16718955,-0.1373339,0.02121135,-0.07767363,-0.07573336,-0.029650362,0.16882718,0.15328999,-0.20532992,0.079906255,-0.14686073
0.17278968,0.010851436,0.05953272,-0.11763124,-0.017667288,0.13495086,0.06455608,-0.15071905,-0.017368222,-0.013779949,-0.028305639,0.07441756,0.11210989,0.00770935,0.045976017,-0.07050454,0.26573303,-0.017956108,0.06305188,0.0863776,0.030316863,0.05818615,0.04776035,-0.031881787,-0.058832332,-0.032716606,-0.09368731,-0.09403505,-0.03172808,-0.05455217,-0.065400146,0.13091049,0.04500415,-0.011019337,0.0076540485,0.17240752,-0.11277039,-0.06547943,-0.05614952,-0.09909595,0.02595181,-0.08252569,-0.14741664,0.084877566,0.04994501,0.02814035,-0.018703789,-0.0022074857,-0.10759464,0.01624916,0.043286797,0.054970577,-0.069701195,0.14639553,-0.18746917,0.06837219,0.13617378,0.13364847,-0.0010326075,0.035786916,-0.00067963434,0.09475918,-0.05690568,-0.00937173,0.0185993,0.018765159,-0.21153606,-0.06394127,-0.056883607,0.033728804,-0.009472725,0.02265467,-0.000850558,-0.012091465,-0.027198859,0.023963038,-0.020310061,-0.034316815,0.0850559,-0.056033608,-0.066354364,0.13069274,-0.07895762,-0.101474375,-0.07749532,0.07186873,-0.091427624,-0.007967414,0.03274813,-0.056874763,0.12328035,-0.06936403,-0.10197186,-0.01331146,-0.029066714,-0.070015915,-0.055942353,-0.086792625,-0.08175812,0.041709952,0.10430634,0.114847995,-0.0027579064,-0.090941526,0.16683868,-0.013665242,0.040038597,-0.060366876,0.020421924,-0.09778071,0.028103242,0.05629367,-0.07182982,0.0021922067,-0.16547081,-0.17270923,0.02676339,-0.17030028,-0.13579625,0.02625917,-0.08913537,-0.07193703,-0.015604886,0.17926422,0.13616566,-0.20560549,0.07982655,-0.14011148
0.15255639,0.0063955253,0.07043263,-0.13271238,-0.024148531,0.13344465,0.05395178,-0.1432592,-0.003718995,-0.015962755,-0.030240135,0.06533755,0.11338423,0.008124419,0.041041482,-0.07155357,0.26287192,-0.021474607,0.044309363,0.09320143,0.037955318,0.061060924,0.05709325,-0.040045667,-0.070525505,-0.04591839,-0.08751581,-0.0938531,-0.039260745,-0.051280357,-0.06732931,0.12758085,0.04256483,-0.003417889,0.011017149,0.17399395,-0.10658619,-0.065847196,-0.06775136,-0.09391968,0.021185389,-0.10109973,-0.15356128,0.08643549,0.04562632,0.038977757,-0.008913673,-0.008154453,-0.10522623,0.021756878,0.037588365,0.043374963,-0.0738258,0.15696678,-0.18902388,0.07275121,0.13285233,0.12207351,0.0008282068,0.03244429,0.0061952663,0.08658005,-0.049312796,0.0038204705,0.020113735,0.013996998,-0.22065887,-0.061125923,-0.066077754,0.03464974,0.0045088837,0.02515649,-4.0926312e-05,-0.023547987,-0.029677171,0.025389675,-0.026404621,-0.03301053,0.07083237,-0.04551254,-0.06748046,0.126843,-0.08106588,-0.10326583,-0.07413846,0.06859518,-0.08594259,-0.0089059835,0.035990328,-0.061742406,0.12697159,-0.07217365,-0.10329937,0.0024397634,-0.028334746,-0.074390836,-0.052187156,-0.08518195,-0.06826253,0.03629528,0.094991796,0.12558314,-0.006112211,-0.08817875,0.1641019,-0.01777728,0.032762054,-0.06217265,0.019639732,-0.099811226,0.02738199,0.05394926,-0.074375704,-0.010429908,-0.17129923,-0.18016136,0.028806156,-0.16599248,-0.14178218,0.01994356,-0.07111499,-0.079982795,-0.027033139,0.17234953,0.15675564,-0.19590335,0.07973987,-0.1432474
0.14870875,0.0048404145,0.0726276,-0.13339022,-0.025472164,0.1330822,0.054101396,-0.14345565,-0.005255467,-0.015710615,-0.03160613,0.06253943,0.11545668,0.009118259,0.038731534,-0.07118337,0.26167643,-0.020767022,0.044534907,0.09279212,0.038428582,0.057893377,0.05886247,-0.039380845,-0.07133526,-0.042837165,-0.08619985,-0.0939409,-0.04073872,-0.04946461,-0.06642424,0.12601943,0.043271754,-0.0019777208,0.010545231,0.17428482,-0.10653333,-0.06523418,-0.06939183,-0.09681589,0.020685116,-0.1012957,-0.15203096,0.085577205,0.04398544,0.0383991,-0.008356754,-0.008861779,-0.10815068,0.020266453,0.036276124,0.042606488,-0.073512115,0.15802751,-0.19013514,0.07274805,0.13259542,0.120726645,0.0009960381,0.032031454,0.007203154,0.087389596,-0.045917857,0.0054782922,0.019542085,0.012762764,-0.22195126,-0.060771856,-0.06453169,0.034241214,0.0060287905,0.023801245,0.0029313897,-0.022643605,-0.030008439,0.026815811,-0.028276507,-0.03375177,0.072078235,-0.04652732,-0.067438446,0.12595642,-0.07985609,-0.102074035,-0.07578846,0.0694981,-0.086551115,-0.007103205,0.03534605,-0.06361106,0.12927853,-0.069950886,-0.103148274,0.0030924985,-0.029934881,-0.07388895,-0.0520236,-0.08456559,-0.06812399,0.03480853,0.095898405,0.12715413,-0.0063385833,-0.09017574,0.16540433,-0.01676897,0.03395427,-0.060887214,0.01780832,-0.10111165,0.028994132,0.05567624,-0.0735888,-0.012403713,-0.17383598,-0.17792584,0.029196016,-0.16834268,-0.14102894,0.020740692,-0.07151575,-0.078775845,-0.027758446,0.17144084,0.15772924,-0.19543913,0.0800643,-0.1402449
0.15515721,0.006197941,0.07015191,-0.13400379,-0.025169559,0.13319191,0.05667,-0.14218593,-0.0013021043,-0.012161556,-0.03283784,0.06700898,0.10568024,0.0029400918,0.042651843,-0.07174784,0.26304656,-0.023199782,0.042777732,0.09414052,0.03605254,0.06378443,0.059690196,-0.040828284,-0.07122754,-0.047489315,-0.09062323,-0.092136614,-0.04089927,-0.049988244,-0.065558955,0.12656684,0.040868547,-0.0032420363,0.013787246,0.1721489,-0.104644544,-0.06755528,-0.07114131,-0.09098414,0.022037193,-0.098110825,-0.15606311,0.08883688,0.04568137,0.03701201,-0.012877379,-0.008456061,-0.104727924,0.018510152,0.03767947,0.041423123,-0.07273935,0.15673907,-0.19003655,0.07205261,0.13255791,0.124984756,5.053856e-05,0.031683844,0.0059856065,0.08728985,-0.048682984,0.0060861004,0.02026368,0.01711485,-0.22055615,-0.059037417,-0.06500991,0.03305643,0.007010332,0.024658801,0.00037136255,-0.023722734,-0.029349506,0.02714792,-0.02716001,-0.032129742,0.06919691,-0.049284544,-0.06858941,0.12426505,-0.081304945,-0.10184891,-0.07462974,0.069088325,-0.08326878,-0.010263543,0.033928216,-0.06210191,0.13040979,-0.07116579,-0.102861226,-0.00079557265,-0.02728188,-0.07873784,-0.049418777,-0.083416015,-0.071868025,0.037652258,0.09531639,0.12503116,-0.008151303,-0.087292686,0.16315393,-0.02185277,0.035081673,-0.060196143,0.021572191,-0.09998131,0.029694676,0.046992034,-0.07614888,-0.011627069,-0.1658214,-0.18157,0.027621806,-0.16620184,-0.14062855,0.019475512,-0.07609278,-0.079143345,-0.029179353,0.17118295,0.1540153,-0.20126355,0.079585716,-0.1443872
