-0.05961236,-0.008325443,0.06368345,-0.10100236,0.19582051,0.10733987,0.18620421,-0.029068938,0.008930333,0.12987386,-0.043961808,-0.12540677,-0.08956008,0.12143465,-0.15638815,0.08579906,0.10339114,-0.097484455,-0.032498647,0.0054567056,-0.057390418,-0.11785796,0.0055722967,-0.106852844,-0.1074136,0.11001339,0.1360588,-0.017510237,0.010900605,0.03295283,-0.021969201,0.026469026,0.0044142483,0.056453012,0.06470276,0.09200513,-0.04499959,-0.15651962,-0.021437421,0.0007591625,0.0472174,0.016715987,0.0927365,-0.018670682,0.15548055,0.014825196,0.16125141,0.06054809,-0.044445153,0.057202186,0.11845565,-0.060290843,-0.07727294,0.17391874,0.07218623,0.076455675,0.014486734,0.047570493,-0.098132886,0.031571396,0.065587655,-0.08439248,-0.090212256,-0.026237093,0.03014598,0.015396442,0.06361943,0.05789811,0.018250393,-0.23014957,-0.22259533,-0.05238096,-0.10606574,-0.042675585,-0.08176633,-0.028862007,-0.04107069,0.04639684,0.15061285,-0.04674226,0.03513952,0.017454606,-0.02544378,-0.059564006,0.013267203,0.047948193,0.080593586,0.07584281,-0.030888202,-0.02954567,0.08052182,0.09443342,0.16554818,0.041038007,-0.013086368,-0.08388217,0.087707885,-0.08095763,0.02388621,-0.08625347,-0.01052443,-0.15822878,0.08699272,-0.03929316,0.13716534,-0.053430676,-0.073035955,-0.12672785,0.010076244,-0.013773269,0.045727763,0.11309577,-0.030296184,0.1359301,0.13563573,0.04783197,-0.12762989,-0.044944342,-0.20908602,0.045431312,-0.03730941,-0.08222821,0.1501602,-0.08815503,-0.036595836,-0.062164612,-0.01385529,-0.0259064
-0.06388624,-0.02525136,0.054574262,-0.112026036,0.2093005,0.102203034,0.16990969,-0.03742292,0.015888365,0.13328132,-0.03210618,-0.13232622,-0.09501221,0.14442345,-0.16064872,0.09198395,0.110463835,-0.088429324,-0.04008992,0.015056317,-0.061842103,-0.10213095,0.00089192454,-0.12442701,-0.12268857,0.10526119,0.12157186,-0.020369047,-0.013921056,0.060386285,-0.007236297,0.025081899,-0.0062918463,0.05864117,0.072917454,0.09307416,-0.028061913,-0.12852177,-0.010931924,-0.0055614724,0.05579786,0.021893859,0.098029576,-0.057185963,0.16824675,0.029096916,0.11966874,0.056785006,-0.051850416,0.067971736,0.13545088,-0.060148716,-0.062420525,0.17473395,0.061022114,0.058285415,0.0072757006,0.034918454,-0.09199698,0.03641728,0.07511679,-0.057945214,-0.09022213,-0.07391856,0.026730966,0.017090457,0.036132254,0.071679,0.05109706,-0.21662748,-0.23947342,-0.060242478,-0.11188877,-0.09892367,-0.077469245,-0.017057015,-0.042332567,0.030673087,0.14185224,-0.056471817,0.04079052,0.010972177,-0.0042390046,-0.07598814,0.016742269,0.03593116,0.08746035,0.045313243,-0.046325047,-0.030841313,0.107929595,0.10399446,0.16117597,0.023064304,-0.018301317,-0.08565615,0.078909814,-0.09899714,0.008466448,-0.0817171,-0.025429334,-0.14942265,0.07180042,-0.019538041,0.13693692,-0.045898657,-0.07236154,-0.09875473,0.011312558,0.0055912444,0.028345542,0.11215298,-0.025409218,0.13585779,0.14043818,0.033957202,-0.12595554,-0.047710948,-0.19128475,0.02971034,-0.020143086,-0.07370939,0.1736173,-0.07212674,-0.021319412,-0.046953075,-0.049470793,-0.027278574
-0.06625951,-0.017648147,0.05214033,-0.10619705,0.18792017,0.106504664,0.18410364,-0.026624162,0.013828895,0.14003365,-0.043527648,-0.12913589,-0.076986976,0.13112076,-0.15860544,0.08114017,0.11170044,-0.092644416,-0.032121394,0.01176491,-0.060956478,-0.113084875,-0.0026128285,-0.118620336,-0.106935486,0.10892636,0.12370548,-0.023256488,-0.0068576154,0.033266105,-0.02973637,0.025118334,0.002052561,0.04885778,0.0687655,0.0986953,-0.04215673,-0.14625996,-0.016986515,0.0037022447,0.056174353,0.03561419,0.09583551,-0.03077181,0.15742886,0.027625864,0.14810193,0.058566622,-0.04245828,0.056577303,0.12158448,-0.07144921,-0.08183035,0.16319555,0.07384113,0.06373377,0.015421532,0.055836547,-0.09648904,0.034592416,0.06513337,-0.08754202,-0.08658207,-0.043062467,0.026094347,0.01757664,0.057950176,0.06652116,0.038032603,-0.21912977,-0.23577714,-0.0593028,-0.11178575,-0.05880466,-0.07780413,-0.030125603,-0.030400341,0.03697367,0.14445527,-0.04702944,0.041521758,0.012681596,-0.020579856,-0.0617428,0.016597526,0.03776241,0.08223722,0.068440296,-0.027629023,-0.03199505,0.09722123,0.094519615,0.16073047,0.04368098,-0.024591288,-0.08376125,0.09077952,-0.093863726,0.006973093,-0.08137322,-0.011392558,-0.157745,0.087120414,-0.041784085,0.14157629,-0.0470516,-0.07874335,-0.115514874,0.022281412,-0.018056856,0.038002238,0.11824161,-0.030979387,0.14771728,0.13712586,0.05240465,-0.12030644,-0.037926096,-0.19654325,0.059954956,-0.023040593,-0.0766652,0.16578375,-0.07989406,-0.026664115,-0.05603304,-0.016183453,-0.01112264
-0.06310906,-0.01818214,0.044819392,-0.10919319,0.201979,0.103911154,0.18016793,-0.02292334,0.016576938,0.14141606,-0.047394037,-0.12592341,-0.08387509,0.12570846,-0.15799862,0.08345401,0.105787545,-0.09923432,-0.040621012,0.0021590886,-0.05368246,-0.11338149,-0.00063635706,-0.11305777,-0.114681974,0.106639735,0.12739386,-0.022936773,-0.0009810899,0.04294002,-0.028309818,0.023557015,-0.0020504275,0.056076128,0.056450553,0.09154017,-0.038812798,-0.14749405,-0.009253,-0.006000358,0.04712771,0.028938709,0.09976121,-0.028716775,0.15127248,0.026522186,0.14262792,0.049426712,-0.050812505,0.05794938,0.112739496,-0.06266608,-0.06309632,0.16939047,0.06942456,0.074093215,0.0122043695,0.042397123,-0.107277334,0.028103495,0.05262793,-0.08384655,-0.08975071,-0.044397555,0.029860461,0.023613144,0.059009578,0.067876734,0.029599672,-0.22526264,-0.2340954,-0.05997582,-0.10715359,-0.054456837,-0.073924124,-0.029206054,-0.03781896,0.047290318,0.15144075,-0.047064427,0.040014528,0.010911576,-0.020588197,-0.0548354,0.016039927,0.04248913,0.08256734,0.06900803,-0.03628157,-0.030552601,0.093709156,0.09456318,0.1553613,0.039125808,-0.009509952,-0.07687608,0.09058056,-0.10130857,0.024323788,-0.083676584,-0.016581068,-0.15981804,0.0856376,-0.02873413,0.13924925,-0.038231082,-0.07366125,-0.12450341,0.00934956,-0.0073395176,0.0424661,0.11827828,-0.025322033,0.14379074,0.13903703,0.051907588,-0.13297714,-0.04926766,-0.20913942,0.05025775,-0.026778061,-0.083097965,0.15857458,-0.07374453,-0.038865034,-0.05232874,-0.019524932,-0.022917174
-0.059621103,-0.019793345,0.053115852,-0.109078266,0.19736533,0.10589914,0.18630947,-0.021487249,0.015278569,0.13777216,-0.042956855,-0.12376959,-0.086410284,0.13402613,-0.1531558,0.089310415,0.11505212,-0.102221645,-0.034727897,0.009444751,-0.071628086,-0.10040723,0.0075694877,-0.1250098,-0.104503505,0.11399682,0.1302577,-0.024945103,3.2309556e-05,0.055858996,-0.0329782,0.02255636,-0.000637131,0.055508897,0.05938281,0.093245834,-0.030902702,-0.1425134,-0.011336596,-0.012095507,0.050296023,0.0323189,0.102795705,-0.041630436,0.15135527,0.03398013,0.14462295,0.05390844,-0.054422315,0.055338733,0.12545419,-0.055766672,-0.05920234,0.16777818,0.06034732,0.0652923,0.024556136,0.041782375,-0.096038096,0.040250495,0.064799815,-0.06585609,-0.088011295,-0.057869818,0.02818109,0.011718314,0.043728776,0.061302777,0.03597901,-0.22003318,-0.23124525,-0.052521303,-0.10633184,-0.08264256,-0.07450301,-0.030848676,-0.040482108,0.04112903,0.1485243,-0.05060932,0.042899963,0.000147841,-0.006637011,-0.06456776,0.0042009293,0.041745223,0.0774862,0.056706,-0.0348138,-0.03443041,0.09385012,0.10296706,0.15489028,0.033265624,-0.017891297,-0.08856332,0.08290485,-0.09771853,0.014971642,-0.09355281,-0.012439416,-0.16004983,0.08440372,-0.035506926,0.13461395,-0.051268775,-0.08292561,-0.123568654,0.009959657,-0.018802445,0.041861042,0.11560431,-0.034489125,0.14047462,0.14300229,0.05392516,-0.11888157,-0.042718753,-0.19484773,0.054699313,-0.028072735,-0.080267325,0.16172718,-0.0796932,-0.032608584,-0.06365157,-0.0294591,-0.02498487
-0.061212376,-0.021185819,0.04970344,-0.105627716,0.20855802,0.10209079,0.18082501,-0.023423875,0.012925389,0.13742438,-0.055488035,-0.12665519,-0.07921192,0.12458786,-0.1536894,0.0800884,0.107002564,-0.09510604,-0.035626996,0.003304882,-0.050980326,-0.11402485,-0.0019283396,-0.11249859,-0.11746659,0.10511174,0.13436958,-0.017865403,-0.006744731,0.03320373,-0.027573401,0.01694254,0.0033338536,0.058662225,0.05767248,0.095303245,-0.043882445,-0.14982371,-0.0006446223,-0.005038431,0.04988462,0.031024797,0.099256754,-0.026651224,0.15144439,0.026422147,0.13712187,0.049546298,-0.052257586,0.06332263,0.11085079,-0.059798006,-0.06851077,0.17071067,0.072021194,0.07390151,0.012192731,0.046935514,-0.10630289,0.023051977,0.054127958,-0.08516898,-0.08131054,-0.047089923,0.027437646,0.024959153,0.059824083,0.07065112,0.033839487,-0.22184233,-0.23079565,-0.06046998,-0.10497563,-0.057666134,-0.06892396,-0.017728882,-0.027752614,0.04200715,0.1488603,-0.040132865,0.039697506,0.018021584,-0.019026918,-0.056698017,0.012863256,0.038008746,0.077275805,0.070267566,-0.04974074,-0.03270504,0.09466758,0.09917242,0.15119135,0.041463386,-0.0114132045,-0.078199044,0.09973768,-0.09977804,0.02381198,-0.083587356,-0.019948984,-0.15895355,0.08192,-0.031369776,0.13522762,-0.040009845,-0.07783789,-0.13023435,0.0016113627,-0.0020399445,0.04386579,0.12215625,-0.02646297,0.13944598,0.1439801,0.04836567,-0.13400127,-0.054222062,-0.21036993,0.059090964,-0.023271058,-0.09056283,0.15852064,-0.07104743,-0.03580527,-0.049024507,-0.019749634,-0.023924096
-0.06090701,-0.015103345,0.05309156,-0.1076721,0.2007793,0.10910565,0.18198392,-0.02380435,0.012477278,0.13826394,-0.049962584,-0.12530084,-0.08617491,0.12454191,-0.1535184,0.08494593,0.1094899,-0.09923539,-0.03358848,0.003246622,-0.05311801,-0.114928335,0.004343899,-0.11390512,-0.111423865,0.10989989,0.13394284,-0.019496374,-0.0024233593,0.033425707,-0.029535826,0.020890096,0.00069896097,0.05915706,0.059321657,0.09524141,-0.03919828,-0.14672178,-0.0069845123,-0.0017501152,0.048519194,0.024333209,0.09545283,-0.025881274,0.15099686,0.026793575,0.145303,0.055110328,-0.045857683,0.05637825,0.11281929,-0.06293309,-0.066923395,0.17679507,0.07007469,0.074191265,0.011681947,0.04665448,-0.10502172,0.028501304,0.055007905,-0.08256747,-0.083827704,-0.041785043,0.028794898,0.017666109,0.0628577,0.069027424,0.03130375,-0.22121944,-0.2280376,-0.061270714,-0.10689609,-0.054223713,-0.078567654,-0.024410985,-0.035803173,0.047381837,0.14552258,-0.04661501,0.03650385,0.013701032,-0.020125747,-0.058605157,0.009310155,0.04124608,0.0792534,0.07028271,-0.03920952,-0.032924328,0.09112981,0.096360244,0.15417154,0.0460652,-0.016375845,-0.0799705,0.090438336,-0.09413409,0.027598536,-0.084010616,-0.017445242,-0.15647139,0.08917406,-0.036465876,0.13939,-0.04324121,-0.07776857,-0.12855107,0.00948018,-0.010527781,0.044006046,0.12010902,-0.027096583,0.13931629,0.13645743,0.052103408,-0.1310961,-0.049503904,-0.21431077,0.0516259,-0.031382695,-0.087964565,0.15367013,-0.07586576,-0.037347917,-0.053886164,-0.016777126,-0.019956617
-0.06653494,-0.011670145,0.053847987,-0.10049346,0.18876651,0.103961796,0.18999746,-0.03359658,0.018838674,0.13637736,-0.051247355,-0.12520072,-0.07324767,0.12097862,-0.15157323,0.07634214,0.104198605,-0.09137479,-0.033216663,0.0046422225,-0.04659614,-0.12153504,-0.010234299,-0.109485686,-0.10301761,0.102986716,0.12978011,-0.011602093,-0.0014154912,0.019054605,-0.030848963,0.021834575,0.009905408,0.049563773,0.06538804,0.100164376,-0.051076155,-0.16730194,-0.019140426,0.0029267021,0.051862087,0.042344008,0.097173326,-0.018998206,0.15155485,0.023384156,0.16573744,0.057590436,-0.03270267,0.057847224,0.11653018,-0.07097493,-0.09320501,0.15886159,0.080978386,0.07559951,0.010996222,0.06059303,-0.10284516,0.023406588,0.054396633,-0.10430141,-0.0848492,-0.021648064,0.025909716,0.0346051,0.07127719,0.050447557,0.022940746,-0.22220854,-0.23122858,-0.05466561,-0.10329776,-0.027291195,-0.07008327,-0.021519283,-0.02128123,0.04341526,0.15073553,-0.046638235,0.036764454,0.023531767,-0.027369585,-0.052471578,0.015742937,0.04436052,0.07695591,0.08648583,-0.022202717,-0.037225526,0.083010785,0.09261877,0.1548725,0.04445151,-0.023348311,-0.07341717,0.094923265,-0.09127755,0.015107338,-0.075349264,0.00087269227,-0.16041924,0.09058803,-0.035845827,0.138041,-0.047719598,-0.07319073,-0.12673004,0.02042746,-0.022038573,0.040994424,0.11708642,-0.026139176,0.14271367,0.13887377,0.055157095,-0.1256559,-0.049193345,-0.20366324,0.069391474,-0.03485829,-0.08738278,0.16177861,-0.07775591,-0.032098476,-0.059542567,-0.0033497356,-0.008834017
-0.056958392,-0.011510412,0.05958899,-0.10327334,0.20257308,0.10276511,0.1835422,-0.024344059,0.011040564,0.1317016,-0.044395104,-0.12699339,-0.091131344,0.12307965,-0.15144001,0.08004141,0.1058941,-0.09255219,-0.035170447,0.0038870797,-0.049786855,-0.12006884,0.002377282,-0.11242541,-0.1045973,0.10854661,0.13683444,-0.019187216,0.00035963557,0.034782615,-0.027213302,0.020482894,0.007985862,0.053780306,0.059157893,0.10063469,-0.049202345,-0.16073407,-0.012663738,0.00073478505,0.046986327,0.017229404,0.093518496,-0.024109734,0.1569652,0.014301965,0.15773603,0.061631437,-0.0402354,0.05753874,0.12240957,-0.061021175,-0.07421796,0.18079029,0.06351814,0.080691576,0.01159672,0.05590642,-0.102297135,0.0285953,0.063213356,-0.08006421,-0.084977865,-0.027973276,0.03121804,0.018158773,0.0646144,0.061596945,0.034042478,-0.22686784,-0.22138865,-0.055642147,-0.106075145,-0.044996846,-0.08132474,-0.021205408,-0.03645132,0.045597043,0.1442168,-0.046802506,0.037572645,0.019045979,-0.024081938,-0.06489038,0.006375607,0.04266717,0.082072094,0.06721949,-0.03494677,-0.03379019,0.08196777,0.09271255,0.15585792,0.037812654,-0.011343609,-0.08483197,0.08932251,-0.082048014,0.02820769,-0.07506419,-0.012635435,-0.15733615,0.085922554,-0.03458296,0.14561826,-0.053795476,-0.07207283,-0.12098657,0.014566994,-0.010658219,0.046364084,0.117857814,-0.025379404,0.13392444,0.14098382,0.055483956,-0.13424365,-0.050968725,-0.21161474,0.0450765,-0.040544245,-0.084526464,0.15179524,-0.07561036,-0.030225445,-0.056707107,-0.014683779,-0.02811021
-0.057595357,-0.026864873,0.054228805,-0.10803096,0.19771957,0.108548544,0.18654607,-0.016396428,0.013366844,0.13698444,-0.0438946,-0.12672022,-0.0914548,0.1372665,-0.15041474,0.08142132,0.118153974,-0.10293786,-0.029065056,0.009130818,-0.06830185,-0.10513384,0.007261098,-0.12293281,-0.099955074,0.11232676,0.13356292,-0.033200014,-0.0047698054,0.051791146,-0.031695444,0.020006847,0.0024523095,0.061237536,0.06425139,0.094233714,-0.033471595,-0.13928372,-0.004117138,-0.00021703308,0.0469736,0.020146051,0.09690421,-0.03545029,0.15137878,0.029995194,0.13661976,0.064207375,-0.047540244,0.05510634,0.12456312,-0.064674415,-0.056084014,0.17936467,0.056668945,0.07298198,0.025110373,0.049837667,-0.100277334,0.039799273,0.060963634,-0.06927339,-0.080894604,-0.050235257,0.027020808,0.0011202956,0.046510793,0.07026341,0.033191312,-0.22482423,-0.22281356,-0.0520196,-0.11063429,-0.077911526,-0.078036815,-0.02334875,-0.039052393,0.036591478,0.13329737,-0.048742246,0.04486506,0.0021382282,-0.0047331806,-0.06469867,-0.004297158,0.03791216,0.07806057,0.05682698,-0.035230003,-0.03538832,0.09944856,0.09914912,0.15401666,0.04415859,-0.027453627,-0.0901808,0.09657235,-0.095588826,0.018388823,-0.082725376,-0.014019543,-0.15381022,0.09157238,-0.038326744,0.13795753,-0.05219163,-0.084327266,-0.12192095,0.010012474,-0.014265695,0.04131245,0.115909114,-0.026012644,0.1350055,0.1495545,0.054268576,-0.12730163,-0.045123924,-0.1951486,0.056586318,-0.037588675,-0.08756925,0.1600624,-0.07532873,-0.030245101,-0.059205055,-0.024169145,-0.020642605
-0.06792333,-0.013252068,0.054347467,-0.09997926,0.19230998,0.10507888,0.19055775,-0.03876156,0.021340821,0.13292742,-0.043729324,-0.1263865,-0.07949146,0.125695,-0.14984663,0.07871206,0.10755481,-0.088130616,-0.03174666,0.008032489,-0.051203296,-0.11927851,-0.010124998,-0.113839395,-0.10190732,0.104926325,0.12984785,-0.009842035,-0.0011254188,0.027376223,-0.024666514,0.0209457,0.010224534,0.05400736,0.07211006,0.09826321,-0.046873517,-0.16481267,-0.023224093,0.0031111701,0.055431474,0.0394929,0.09897603,-0.024362454,0.15511698,0.02392368,0.16262075,0.060207464,-0.032029625,0.062175743,0.12524934,-0.07094679,-0.09525876,0.15790737,0.07351715,0.07309718,0.012709216,0.058052897,-0.101072796,0.029960524,0.057523485,-0.09695566,-0.0832997,-0.02718273,0.022891218,0.031205207,0.06402909,0.049401585,0.031141356,-0.2209409,-0.23345889,-0.055483963,-0.10630043,-0.038043838,-0.07141752,-0.01571942,-0.024586847,0.036818545,0.14756265,-0.05218574,0.034092598,0.023594594,-0.018509565,-0.058982003,0.013800682,0.04137566,0.08029972,0.082966395,-0.022104165,-0.039831355,0.08579826,0.09484252,0.15891765,0.040049866,-0.027774127,-0.077125765,0.09239019,-0.089807056,0.009402056,-0.077327155,0.0014501433,-0.15710518,0.08774512,-0.03303246,0.13594754,-0.0505964,-0.070987724,-0.11719475,0.020968178,-0.01873072,0.03489766,0.11227985,-0.027716165,0.141452,0.13934381,0.048550457,-0.122125916,-0.048109896,-0.19894391,0.066539265,-0.036806524,-0.08380318,0.17277807,-0.07871324,-0.028176755,-0.060443718,-0.012923948,-0.01089279
-0.065094665,-0.023878248,0.048794888,-0.10912082,0.19438158,0.114674225,0.17798527,-0.02325972,0.030148573,0.114840604,-0.030518414,-0.13375191,-0.09220332,0.13231768,-0.14631091,0.0766588,0.106100544,-0.09626646,-0.023379954,-0.0045007267,-0.05500214,-0.12455759,-0.0034886957,-0.12093644,-0.10520588,0.091442704,0.12203364,-0.019016178,-0.0017397199,0.04320121,-0.02323471,0.024715217,-0.0036702494,0.052425504,0.07843451,0.094153136,-0.0347623,-0.1632054,-0.03216436,-0.005116549,0.054748703,0.026138917,0.10023166,-0.028913762,0.14740908,0.010612791,0.16480985,0.061437927,-0.021607324,0.047995217,0.13243593,-0.0663287,-0.065347515,0.18485261,0.062296182,0.064942405,0.018330302,0.060082886,-0.09522805,0.0323298,0.06208037,-0.077917874,-0.10159966,-0.028475422,0.03978657,0.022970315,0.062047705,0.0536944,0.019349216,-0.23588689,-0.22545551,-0.05478361,-0.1082279,-0.043306928,-0.073091224,-0.027055139,-0.027071217,0.03007149,0.14775407,-0.06080687,0.03762672,0.01232606,-0.011243497,-0.06420771,0.010838227,0.047149442,0.08622015,0.06557248,-0.018413171,-0.021058269,0.089181505,0.10015823,0.15394248,0.04250828,-0.024314731,-0.08166661,0.079003066,-0.08395592,0.00819343,-0.098486505,-0.012245313,-0.15632525,0.090058856,-0.04543861,0.14744365,-0.05013935,-0.083311155,-0.108241305,0.022809472,-0.017493054,0.036349386,0.109143585,-0.015992181,0.13965595,0.14681877,0.047140054,-0.13894482,-0.02807143,-0.19375022,0.03721166,-0.03290404,-0.07373089,0.16112,-0.078076385,-0.036984105,-0.06537763,-0.021329822,-0.014556467
-0.06416193,-0.021396881,0.055839993,-0.1040105,0.20001812,0.10468931,0.1845644,-0.029006787,0.011049578,0.1378963,-0.051585022,-0.12794065,-0.0808184,0.12861854,-0.15083861,0.07782417,0.10557867,-0.08897297,-0.032755334,0.012784884,-0.051258516,-0.1127662,-0.003961601,-0.11546235,-0.10213966,0.107707985,0.13599126,-0.020055784,-0.0066922293,0.032683007,-0.02904784,0.017589504,0.011503653,0.051664628,0.060409695,0.09870631,-0.04739698,-0.15437657,-0.0026875148,0.0014324968,0.047361907,0.028651377,0.098842464,-0.02970628,0.15536213,0.02818386,0.15103893,0.059731156,-0.03873077,0.064975835,0.121477924,-0.06954079,-0.08179198,0.16960828,0.07359238,0.07436106,0.013057313,0.05565346,-0.10452355,0.028290637,0.060728297,-0.091742426,-0.0801285,-0.040238444,0.023741337,0.022646831,0.05629568,0.05895347,0.032259688,-0.22481647,-0.23004664,-0.0528025,-0.10670327,-0.053664543,-0.07353442,-0.01315428,-0.029602405,0.043432098,0.13951614,-0.04522496,0.042329777,0.020035764,-0.019730762,-0.061386947,0.009228769,0.037380736,0.07791727,0.07005198,-0.034220677,-0.04050282,0.089655705,0.096645474,0.15382713,0.038826082,-0.022839766,-0.08205061,0.09874715,-0.09331515,0.016538799,-0.070958324,-0.005717786,-0.15599224,0.08650719,-0.029068604,0.1388133,-0.05173363,-0.072939456,-0.12397671,0.016502805,-0.010944426,0.0426029,0.120696545,-0.029812466,0.1339673,0.1465542,0.05457962,-0.12887509,-0.055462115,-0.2022176,0.06506611,-0.03517183,-0.09050572,0.16054575,-0.073892035,-0.022938414,-0.05363871,-0.017807174,-0.017232416
-0.06649383,-0.019713737,0.050836585,-0.10539641,0.1970361,0.10078962,0.18806624,-0.026665319,0.014687357,0.14018475,-0.041344825,-0.12896758,-0.08441188,0.13301684,-0.15522116,0.07835992,0.11062339,-0.08665746,-0.035788547,0.013418997,-0.05337352,-0.1125707,-0.007045627,-0.118842065,-0.10086672,0.10966997,0.12886873,-0.021231351,-0.0037222672,0.039736677,-0.0247801,0.020552885,0.011155859,0.055520084,0.06654778,0.09752346,-0.043855216,-0.1528074,-0.014123063,0.0033620393,0.05312889,0.031471852,0.098823145,-0.028193919,0.16237873,0.023120437,0.15050486,0.05929329,-0.039271086,0.060987137,0.12713595,-0.06937139,-0.080894046,0.15943637,0.06671171,0.07350672,0.015851365,0.056088768,-0.10091079,0.034720954,0.05992891,-0.0835833,-0.08239953,-0.03804742,0.021865977,0.024639048,0.05619054,0.05664244,0.0363101,-0.22470227,-0.23562323,-0.054265916,-0.11476367,-0.054357465,-0.07657316,-0.021357536,-0.032079082,0.037206665,0.13990158,-0.052092034,0.042382807,0.015289023,-0.016295023,-0.064680606,0.011679193,0.037215974,0.08531071,0.0687554,-0.028673317,-0.03468533,0.0943691,0.091151886,0.15907176,0.03539102,-0.020077985,-0.084368914,0.09855123,-0.09250077,0.009872266,-0.07294385,-0.0035804294,-0.15329231,0.08221658,-0.030512009,0.13698292,-0.049559567,-0.07116113,-0.110730305,0.021415547,-0.01004173,0.03886481,0.115354136,-0.026693463,0.14263172,0.14587787,0.0512238,-0.12261129,-0.052423034,-0.195885,0.061481696,-0.03500694,-0.081359796,0.17092843,-0.073839985,-0.023804879,-0.05361916,-0.022351407,-0.017412718
-0.06263982,-0.021002095,0.056495257,-0.110751085,0.19019683,0.10431474,0.18734974,-0.021963,0.0057181874,0.14047642,-0.052540354,-0.12438854,-0.08145957,0.12856618,-0.15935954,0.08110893,0.10464816,-0.09619502,-0.03297118,0.016520672,-0.05875665,-0.10668131,0.002662468,-0.115735695,-0.10064328,0.11524998,0.13096803,-0.027165847,-0.00038872127,0.036117405,-0.036501504,0.022635516,0.008686321,0.0525306,0.059891503,0.09787158,-0.041931123,-0.14639926,-0.006219414,0.0016350682,0.049699754,0.02838655,0.09592255,-0.026050499,0.154456,0.027976539,0.14996998,0.057666864,-0.04440332,0.057484712,0.11757615,-0.06901647,-0.07327374,0.16821551,0.074020475,0.07194246,0.018680114,0.05371609,-0.10171349,0.033178885,0.06477015,-0.09056104,-0.08618984,-0.0396699,0.024873273,0.017494604,0.054278314,0.06182043,0.023682637,-0.22327158,-0.22785366,-0.05234772,-0.10820461,-0.055832654,-0.07375718,-0.029031668,-0.037335847,0.047719687,0.14234322,-0.040791288,0.04391923,0.011176032,-0.024816884,-0.056150973,0.00865062,0.041901633,0.07571706,0.06627174,-0.028715521,-0.03887751,0.08774509,0.09487048,0.15748468,0.0431821,-0.018670194,-0.086647935,0.0996547,-0.09193692,0.018196983,-0.076328546,-0.005798505,-0.15727808,0.09016428,-0.03839397,0.14000234,-0.05043077,-0.07788373,-0.13061704,0.018140048,-0.020683005,0.046569113,0.12003108,-0.030229628,0.14038406,0.1425767,0.059611052,-0.12179148,-0.046821844,-0.20225333,0.06587194,-0.031227859,-0.09014943,0.15385924,-0.08095462,-0.025915427,-0.059217285,-0.014548973,-0.01509919
-0.056349635,-0.025354236,0.04637498,-0.105930105,0.20462222,0.10478103,0.17552537,-0.026413117,0.014351071,0.14111146,-0.039725184,-0.12788121,-0.08419037,0.13432437,-0.15775435,0.0787372,0.11471242,-0.10105482,-0.040059216,0.009147278,-0.059365246,-0.11657855,0.0003766145,-0.11648676,-0.11237475,0.10968175,0.12506913,-0.025788944,1.0311406e-05,0.05114355,-0.026545724,0.028826654,-0.001365878,0.053916987,0.0612374,0.08885336,-0.03599555,-0.1398652,-0.009459867,-0.005608971,0.05130311,0.028141128,0.098598614,-0.03446832,0.15225758,0.026299227,0.13498117,0.054645296,-0.047156867,0.06397282,0.12069506,-0.061032884,-0.06466533,0.17070003,0.057182234,0.070120245,0.01649745,0.045165833,-0.10565289,0.033195235,0.057187658,-0.07365403,-0.086139865,-0.054195832,0.03804985,0.010280777,0.046513136,0.070581056,0.040809777,-0.22552668,-0.23669472,-0.062161386,-0.114032,-0.06799664,-0.07476114,-0.025658594,-0.043030124,0.036748495,0.14697425,-0.04997133,0.03767282,0.0055273916,-0.014499537,-0.0659915,0.01402891,0.04142035,0.08940968,0.05965468,-0.03616467,-0.029586282,0.098064095,0.09144773,0.16018818,0.034205362,-0.014114708,-0.08335687,0.08625717,-0.097004175,0.018097922,-0.08522823,-0.01668329,-0.15692793,0.07802261,-0.03044031,0.14307423,-0.044193823,-0.07366518,-0.108283676,0.009694758,-0.011405054,0.039361324,0.122056216,-0.02416557,0.14755395,0.13934289,0.04422276,-0.12870806,-0.042543188,-0.20087165,0.04281934,-0.0280345,-0.06835396,0.17225188,-0.074874185,-0.03678926,-0.050018966,-0.0238312,-0.025947137
-0.06123116,-0.019869989,0.056059044,-0.112195194,0.1921617,0.10681244,0.19174688,-0.019408865,0.0068939915,0.13718687,-0.048614465,-0.124004886,-0.08614601,0.13157254,-0.15447466,0.087097526,0.10838343,-0.10046099,-0.029683596,0.011931732,-0.062028464,-0.10737362,0.007872533,-0.11446461,-0.10175577,0.11654789,0.13537414,-0.02631612,0.0032299575,0.039720118,-0.029674534,0.020443587,0.0059178257,0.058337174,0.06488062,0.09435131,-0.036484964,-0.14318223,-0.0060428972,0.0018623417,0.052611273,0.02201831,0.09467931,-0.021931224,0.15636294,0.026595285,0.14564118,0.060525965,-0.04949956,0.055611152,0.11692506,-0.066010974,-0.065672666,0.17250378,0.068687595,0.07469016,0.01964879,0.04928007,-0.10202095,0.037804417,0.0629439,-0.081798755,-0.08289999,-0.03953929,0.024260458,0.013474905,0.05412956,0.06561776,0.025611326,-0.22536431,-0.22592324,-0.05268187,-0.110843085,-0.0621167,-0.07573654,-0.027699707,-0.036008798,0.04552329,0.14227585,-0.044343602,0.03909938,0.011937263,-0.016570235,-0.05781572,0.0023044157,0.03966979,0.074698366,0.06388805,-0.03642266,-0.035739772,0.08931329,0.09527019,0.15821727,0.045454793,-0.020416873,-0.08935997,0.10208175,-0.09173873,0.020966517,-0.08026126,-0.010572633,-0.15390405,0.09124015,-0.042397972,0.13534723,-0.051926494,-0.081110425,-0.12973277,0.011570254,-0.014980138,0.042947758,0.11345697,-0.027972478,0.13640063,0.14228195,0.05384792,-0.11826009,-0.051917467,-0.2039522,0.06254363,-0.031845596,-0.09358623,0.15251897,-0.08205244,-0.028858604,-0.05886558,-0.020065963,-0.016510878
-0.06169984,-0.021840712,0.055922724,-0.11151339,0.20067583,0.110039115,0.18082133,-0.026058035,0.010138102,0.13614875,-0.04250787,-0.13099168,-0.08478543,0.14108904,-0.16049649,0.086428024,0.11752162,-0.09979579,-0.033356648,0.01122566,-0.06521966,-0.109019585,0.0060549136,-0.11908613,-0.10841475,0.107501455,0.13120365,-0.024282144,-0.0042275274,0.0483803,-0.01831551,0.027798817,0.0006250376,0.05768985,0.06836134,0.08717543,-0.028336339,-0.13526346,-0.011425658,-0.0020973724,0.05259961,0.01937565,0.095340446,-0.031802032,0.15786585,0.027262151,0.12607235,0.060146704,-0.044097327,0.062111173,0.12337102,-0.06373624,-0.06141016,0.16941215,0.06531594,0.068625115,0.019620853,0.045691755,-0.102210574,0.037212186,0.05835437,-0.06997702,-0.081207655,-0.054495197,0.026801486,0.0057091103,0.046773214,0.07095617,0.03395657,-0.22408834,-0.23559175,-0.053340405,-0.11756401,-0.07875355,-0.07700276,-0.027230326,-0.04212218,0.03610811,0.13797322,-0.052390344,0.042126942,0.010389875,-0.011353754,-0.0647488,0.008399742,0.03351029,0.084459275,0.05641146,-0.039425284,-0.029570239,0.10106382,0.092176475,0.16155057,0.04072829,-0.0232665,-0.08643438,0.09353371,-0.0982484,0.010726259,-0.083425194,-0.018350124,-0.15286995,0.083752446,-0.036239054,0.13278085,-0.05029661,-0.0805503,-0.11589163,0.010138867,-0.0044850716,0.039127287,0.11576089,-0.024343962,0.13598432,0.14499097,0.042917892,-0.12578058,-0.048481397,-0.19459173,0.051714968,-0.030925421,-0.079431295,0.1707846,-0.079035126,-0.031552717,-0.048496775,-0.031240575,-0.019759031
-0.061473172,-0.017782016,0.05173498,-0.10548672,0.20377755,0.10147256,0.18416628,-0.024191199,0.012080077,0.13664463,-0.05870614,-0.1243645,-0.07956061,0.11942421,-0.1515914,0.080523014,0.10146222,-0.09261425,-0.036402144,0.0054603918,-0.049479097,-0.11401255,-0.0013588712,-0.1104585,-0.11118699,0.10778268,0.13668387,-0.01804999,-0.0014428514,0.032083698,-0.033837102,0.015305072,0.007199522,0.057205923,0.055589993,0.0962839,-0.047572467,-0.15677871,0.0018542194,-0.00422804,0.048148908,0.028793057,0.100615956,-0.021468885,0.15025803,0.02522363,0.14477001,0.05040688,-0.047268327,0.064317174,0.10959186,-0.06044155,-0.071580395,0.17135648,0.07144987,0.07773766,0.011083628,0.049672198,-0.108635984,0.021431936,0.054117076,-0.09277654,-0.080564246,-0.037619147,0.02810215,0.02835789,0.06267474,0.065078095,0.030549172,-0.22446081,-0.22520308,-0.058252208,-0.10108503,-0.045569886,-0.06937289,-0.01722098,-0.027294673,0.048104174,0.1505266,-0.03595633,0.03980283,0.02085113,-0.024322769,-0.05256271,0.008761726,0.039652333,0.0725027,0.07378071,-0.04455397,-0.035594486,0.086252704,0.099644355,0.15148133,0.0391576,-0.0085929185,-0.07851073,0.09861908,-0.096799344,0.029242152,-0.07960918,-0.016371686,-0.16173151,0.08563079,-0.029382257,0.13852553,-0.044060037,-0.07648192,-0.13618112,0.0019728618,-0.008471812,0.048958782,0.12136695,-0.027818043,0.13929708,0.1431354,0.054384332,-0.1343686,-0.055376526,-0.21294874,0.062441606,-0.028795747,-0.09207195,0.15542819,-0.07415466,-0.033791114,-0.050932202,-0.013686692,-0.024191162
-0.06400403,-0.016565058,0.05171185,-0.1136573,0.19816078,0.11049802,0.18779895,-0.018312687,0.0093409,0.13520116,-0.0425704,-0.12674776,-0.08938598,0.1329983,-0.15826677,0.08705557,0.11407952,-0.10108413,-0.032598387,0.0057290616,-0.058506195,-0.10986832,0.008850548,-0.11858115,-0.104923144,0.11582669,0.13365932,-0.028077397,0.0030375763,0.046020906,-0.027097259,0.025952203,0.0015548622,0.0549028,0.06034746,0.09262479,-0.031200543,-0.13865611,-0.011625968,-0.002548439,0.04891868,0.020806715,0.096079536,-0.027949527,0.15539767,0.02725458,0.14355344,0.055973195,-0.050382774,0.05267591,0.11932463,-0.06232173,-0.060304824,0.16967168,0.06664343,0.072676346,0.019154537,0.0430109,-0.1034882,0.039203893,0.058609933,-0.07099298,-0.0871222,-0.043952618,0.025828341,0.010113143,0.055078283,0.066644944,0.029726524,-0.22344472,-0.23432244,-0.05591563,-0.11141678,-0.06713943,-0.08048197,-0.03367507,-0.043802254,0.045522317,0.14157943,-0.052475523,0.03817005,0.007985399,-0.012205819,-0.058184918,0.010291831,0.040999398,0.0836082,0.059985362,-0.03679941,-0.028854378,0.09191674,0.092745066,0.15824291,0.040163115,-0.015176807,-0.08747419,0.08843806,-0.09452048,0.018902043,-0.086487725,-0.014464375,-0.15397587,0.08751489,-0.04029039,0.13585067,-0.047309633,-0.08161167,-0.121844046,0.013688349,-0.011351778,0.044069055,0.11172293,-0.028337996,0.13914211,0.13852134,0.049776167,-0.118511595,-0.047163382,-0.20610689,0.05126568,-0.030186277,-0.08594351,0.15637472,-0.08075687,-0.035621703,-0.058952928,-0.026732367,-0.021266518
-0.06314175,-0.015692748,0.055916652,-0.110179566,0.19062416,0.10405102,0.19079663,-0.020514201,0.010882888,0.13462323,-0.0490606,-0.12497073,-0.08332615,0.12517476,-0.14988397,0.07816073,0.10261858,-0.09345589,-0.030086031,0.008617801,-0.05191992,-0.11500435,0.0013547398,-0.115092434,-0.09408972,0.11178721,0.13651264,-0.02157521,0.0035034493,0.035623025,-0.03605564,0.018800179,0.012593324,0.049524207,0.058852457,0.101396404,-0.04620492,-0.16027224,-0.012065502,0.0015470224,0.049434435,0.025805082,0.09578194,-0.021981904,0.15466198,0.020539472,0.16694546,0.059742156,-0.037642,0.051283393,0.123054214,-0.069123276,-0.078984216,0.16964231,0.06744761,0.07952633,0.016741931,0.06193775,-0.105424136,0.033861738,0.06209256,-0.09047713,-0.08602698,-0.024175385,0.02764264,0.023355663,0.06401133,0.05529266,0.026589928,-0.22881676,-0.22540455,-0.049991503,-0.10685398,-0.039988507,-0.07656411,-0.026615823,-0.03155523,0.04797871,0.14143202,-0.04748517,0.042209063,0.017630696,-0.024217864,-0.05752294,0.0048409663,0.03867154,0.07755961,0.06764933,-0.025565457,-0.03822256,0.077762574,0.08834207,0.15173145,0.041460212,-0.016283887,-0.08542937,0.09853139,-0.0846877,0.01919478,-0.070588425,-0.0016332847,-0.1561544,0.09365963,-0.04039889,0.14422585,-0.05756672,-0.074149266,-0.12523067,0.023849143,-0.018736288,0.046092644,0.11785737,-0.0293514,0.13480836,0.143375,0.066583484,-0.122714736,-0.050702654,-0.20635372,0.065326296,-0.038277525,-0.09204635,0.14919691,-0.078845195,-0.02435729,-0.05981393,-0.0127649475,-0.016475577
-0.0655024,-0.026145522,0.05532271,-0.108714916,0.19099796,0.10528611,0.1841174,-0.017790867,-0.0004951595,0.14479284,-0.05038972,-0.12431133,-0.084656596,0.13900793,-0.16699407,0.076392226,0.11420155,-0.09991189,-0.02955545,0.022917489,-0.06084257,-0.10115983,0.004195039,-0.122235246,-0.10119713,0.12822872,0.12488957,-0.036101498,-0.0020769287,0.038380485,-0.037888005,0.0262695,0.008773231,0.04652286,0.053361222,0.101925574,-0.0372366,-0.1254058,-0.008535735,0.0066585816,0.049942967,0.038649168,0.08991554,-0.03984869,0.15669905,0.033762835,0.14360417,0.055763036,-0.059968073,0.05268354,0.12291829,-0.06993008,-0.07893699,0.15842038,0.07695773,0.06408443,0.022560557,0.04773374,-0.09496449,0.041856542,0.0696149,-0.07870859,-0.089164704,-0.055263165,0.022915594,0.0048062257,0.047207106,0.071897246,0.03531238,-0.21539551,-0.23942734,-0.06062671,-0.11177513,-0.07477893,-0.07415539,-0.0398391,-0.04370692,0.041784175,0.13536772,-0.045963183,0.044474784,-0.0015411029,-0.01962281,-0.0576739,0.021841358,0.041957483,0.08103576,0.052983876,-0.031684,-0.03295713,0.099158294,0.09086683,0.15946537,0.039486703,-0.016256982,-0.089543015,0.092816964,-0.091913246,0.005793986,-0.07984175,-0.0075941184,-0.15441507,0.08322252,-0.045960166,0.14106414,-0.044243902,-0.07956877,-0.11704685,0.029794894,-0.027751448,0.045609504,0.12090993,-0.036094528,0.15007693,0.13636638,0.05346048,-0.10258975,-0.034697805,-0.19935024,0.06527186,-0.02043705,-0.08507804,0.15511961,-0.078878455,-0.023382945,-0.065187715,-0.021168523,-0.010340281
-0.066360384,-0.01718023,0.050003987,-0.0993001,0.20076834,0.10455525,0.18422984,-0.029698053,0.0154890455,0.13422947,-0.046309415,-0.13182078,-0.084220245,0.12896462,-0.15026762,0.0740488,0.10077509,-0.086729206,-0.03397562,0.00543467,-0.05282586,-0.12095348,-0.006262593,-0.10925756,-0.1022301,0.10282982,0.13236113,-0.01468662,-0.007831436,0.030500367,-0.026231563,0.016205272,0.014200732,0.047546312,0.061288297,0.09589784,-0.04966235,-0.16548432,-0.01105429,0.00082658854,0.047029827,0.030662237,0.097937174,-0.03364607,0.1536172,0.024279645,0.16040407,0.059095364,-0.032522917,0.066151865,0.12311631,-0.06583668,-0.08172937,0.16968402,0.07346501,0.07432778,0.015218482,0.056690507,-0.09990238,0.023552079,0.05714292,-0.09640153,-0.08317822,-0.032584947,0.02806104,0.026249656,0.061170496,0.050789002,0.025832798,-0.23015177,-0.22809601,-0.050396,-0.10458442,-0.04710317,-0.06929318,-0.014274683,-0.027136648,0.04037046,0.14288533,-0.044536967,0.04245067,0.021861963,-0.021497326,-0.064203,0.0125228185,0.038080275,0.081620306,0.07554055,-0.029044347,-0.039621703,0.087118424,0.09626035,0.15140973,0.03677578,-0.020254439,-0.08006047,0.097633734,-0.09039123,0.017777832,-0.074035406,0.0019577956,-0.15839554,0.08529834,-0.025295297,0.13913018,-0.053162605,-0.06937255,-0.1228835,0.018834757,-0.010908275,0.04193633,0.11858488,-0.02499494,0.1337087,0.14989382,0.054186605,-0.13427706,-0.05710489,-0.20158926,0.062067084,-0.036460258,-0.086532556,0.16307437,-0.0716442,-0.023851689,-0.058747314,-0.014085463,-0.01868149
-0.07007229,-0.018157877,0.04011388,-0.10661876,0.19373856,0.10819698,0.19208473,-0.018769324,0.022280043,0.13728683,-0.037156407,-0.12737271,-0.07545475,0.12734145,-0.15089673,0.08657165,0.1011679,-0.0944754,-0.029954566,0.00436386,-0.057144474,-0.11288245,-0.0018437037,-0.108646944,-0.098888084,0.09991865,0.12696852,-0.023140201,-0.008284667,0.030755235,-0.030008018,0.020305913,0.007024722,0.055006985,0.071639806,0.09073457,-0.03717628,-0.15562475,-0.005121231,-0.0027924494,0.04675745,0.024577232,0.10043224,-0.007661866,0.15213439,0.0302351,0.14903228,0.05707346,-0.039319925,0.059926614,0.10514574,-0.07329901,-0.071697146,0.16560799,0.0780697,0.07186108,0.014886819,0.051473945,-0.10645261,0.031611964,0.0505729,-0.09989427,-0.08213597,-0.02828743,0.021640323,0.025970541,0.058912173,0.058381815,0.022083426,-0.23099954,-0.22525483,-0.054676052,-0.110973075,-0.045099534,-0.07551359,-0.019210624,-0.02462942,0.046612207,0.14783596,-0.045689505,0.038322307,0.02116041,-0.019276766,-0.05515509,0.007015529,0.034823723,0.07571009,0.079275526,-0.03014285,-0.036067948,0.100704715,0.10156368,0.15311146,0.049929533,-0.025954898,-0.08599051,0.10609944,-0.10325978,0.019347122,-0.08543298,-0.008612007,-0.15919854,0.091706604,-0.03780961,0.13567033,-0.046677645,-0.077039614,-0.13227482,0.00901104,-0.009635372,0.039669823,0.11439011,-0.023674602,0.14595681,0.14380322,0.05174303,-0.13156778,-0.053738598,-0.19970204,0.06205811,-0.033098985,-0.09051921,0.15281932,-0.08032477,-0.03140338,-0.055155322,-0.014203105,-0.0109859
-0.067557305,-0.02465263,0.038940154,-0.10936059,0.19242877,0.09905557,0.17935637,-0.022980992,0.018257335,0.15043478,-0.050451234,-0.12557179,-0.07917655,0.12896408,-0.15716858,0.07660055,0.11222504,-0.09979559,-0.045725863,0.008697069,-0.054071937,-0.11837913,-0.0021635273,-0.11451398,-0.11142592,0.111805126,0.12247141,-0.028182121,0.0023641794,0.046265434,-0.037775062,0.025989894,-0.005819982,0.04982731,0.054601427,0.09114131,-0.03795628,-0.14386943,-0.012045656,-0.0045080525,0.048746966,0.039104417,0.093780644,-0.030753054,0.14849716,0.03136029,0.15065995,0.049598537,-0.050841957,0.053198043,0.11224759,-0.068085566,-0.06999328,0.15892617,0.06711951,0.071438745,0.012733111,0.04875921,-0.10955391,0.03625036,0.04788286,-0.08986733,-0.093592495,-0.045830376,0.03833579,0.020089027,0.059705347,0.07109537,0.032432072,-0.22751556,-0.23972176,-0.060590774,-0.11114517,-0.04679803,-0.07547754,-0.041734833,-0.040792253,0.04216695,0.14595865,-0.05364494,0.043178372,0.004466433,-0.020014416,-0.051664475,0.019972142,0.03708039,0.09128758,0.070924945,-0.024343967,-0.029483,0.092994556,0.084234275,0.1552994,0.04192595,-0.014448978,-0.08079235,0.09145048,-0.097354636,0.017064499,-0.08181312,-0.0060494225,-0.15959048,0.08761742,-0.035378966,0.14764601,-0.03683675,-0.07117208,-0.10792227,0.021296911,-0.01637183,0.034094974,0.12429107,-0.028557776,0.14864677,0.13224222,0.053845037,-0.12589492,-0.039309576,-0.20319286,0.055082493,-0.024997044,-0.07485264,0.16941099,-0.07286871,-0.033255205,-0.050948735,-0.0149366595,-0.01691343
-0.061893787,-0.021780035,0.050932247,-0.11475559,0.18406726,0.10715852,0.19286498,-0.018417368,0.017774072,0.13849667,-0.036291465,-0.122548826,-0.09418763,0.13994934,-0.14771481,0.09251659,0.12149364,-0.10207011,-0.03167853,0.010927599,-0.07756765,-0.10036908,0.010061129,-0.13070016,-0.09765868,0.117814556,0.13031241,-0.032295633,-0.00045886496,0.06373843,-0.034350418,0.019252429,-0.005173841,0.06467467,0.071050696,0.0921739,-0.02290188,-0.13321547,-0.014964321,-0.0022174763,0.05586129,0.024423655,0.09625463,-0.04031538,0.15617631,0.03324967,0.14040087,0.06414781,-0.052132364,0.04802134,0.13044481,-0.06249876,-0.053397477,0.17126207,0.0469982,0.06807608,0.02649281,0.04596122,-0.09324377,0.052757002,0.06459538,-0.061558276,-0.08398236,-0.05542164,0.027567105,0.003197356,0.04612046,0.069292784,0.04170465,-0.221344,-0.22696425,-0.053534597,-0.11312654,-0.08400632,-0.08397164,-0.03569318,-0.040911492,0.033767313,0.13676536,-0.056685325,0.044735588,-0.0036459283,0.0023168665,-0.06699129,-0.009881725,0.034366388,0.078354836,0.05347235,-0.027708905,-0.033576235,0.09553246,0.099432856,0.15626463,0.04026733,-0.028178258,-0.09487449,0.08828805,-0.09424167,0.0141326245,-0.08755633,-0.012086802,-0.15130647,0.09443307,-0.044830613,0.13891248,-0.053940218,-0.08587188,-0.11479953,0.016918294,-0.019008057,0.03467908,0.107821696,-0.03157504,0.13851872,0.14152138,0.056600634,-0.11444011,-0.03931851,-0.19000939,0.05350186,-0.033052806,-0.08052122,0.16563134,-0.08018133,-0.026642015,-0.06099485,-0.031895734,-0.01706695
-0.06832709,-0.03385342,0.06228824,-0.10138425,0.20776051,0.103009686,0.1649149,-0.045787405,0.027048538,0.12126505,-0.018548952,-0.13250732,-0.105662756,0.1480854,-0.14744148,0.091845736,0.11968686,-0.08191651,-0.028135464,0.022780243,-0.08027995,-0.09545466,0.0045489194,-0.13657361,-0.11682544,0.111468844,0.113622114,-0.024169298,-0.014005083,0.07812903,-0.00081673486,0.022745129,-0.014024502,0.061761104,0.092624016,0.09390305,-0.015086713,-0.11636556,-0.023308503,-0.005235338,0.059026215,0.024210988,0.096491195,-0.07107061,0.17061268,0.028725911,0.12486767,0.06786216,-0.052305788,0.06453621,0.15769477,-0.058867,-0.07070388,0.1696862,0.04084845,0.04557467,0.012093005,0.031902626,-0.07362885,0.05380916,0.08816853,-0.033791464,-0.09634151,-0.08243277,0.023665924,-0.0022583057,0.022250155,0.07103564,0.07090208,-0.21484232,-0.23105878,-0.061462097,-0.11922225,-0.11805121,-0.08871719,-0.014274767,-0.037250295,0.0039042865,0.13034801,-0.07923634,0.038870897,0.0021980156,0.024146948,-0.09120223,0.015573369,0.030013248,0.09230621,0.029850613,-0.046047386,-0.019427443,0.117882736,0.11264567,0.16364507,0.01546388,-0.030482683,-0.097490996,0.057676367,-0.085353896,-0.011065628,-0.09380549,-0.025871448,-0.1412048,0.06800358,-0.02722407,0.13383383,-0.054175712,-0.07339481,-0.066144355,0.016842503,-0.0014603997,0.013932831,0.100447476,-0.03602824,0.13571769,0.13610584,0.014479343,-0.11235188,-0.024211382,-0.16883972,0.015462839,-0.024759872,-0.058507644,0.19189471,-0.07701109,-0.01082001,-0.05592195,-0.0722494,-0.025032273
-0.060471293,-0.013153937,0.059490573,-0.10413901,0.2052468,0.10593145,0.18035069,-0.028045276,0.014563977,0.13181917,-0.05142801,-0.12800781,-0.086172394,0.123088084,-0.15022287,0.08057507,0.10157681,-0.09599868,-0.031672496,0.0045408043,-0.046894517,-0.11801709,0.0030554368,-0.109576285,-0.10469872,0.105809934,0.13526504,-0.011511258,0.0016399304,0.03307011,-0.0261375,0.022298628,0.01081364,0.053145546,0.056811184,0.09815346,-0.04601226,-0.16326791,-0.0063271862,-0.004703527,0.046319976,0.020594876,0.09773987,-0.025930695,0.15339988,0.020964816,0.1589141,0.057599865,-0.030195687,0.0585297,0.12010728,-0.062031094,-0.074186176,0.17731845,0.072607405,0.078508414,0.008632954,0.05726045,-0.11040131,0.02211622,0.05474206,-0.08669206,-0.08439812,-0.029509556,0.032289237,0.027190782,0.06333036,0.05151529,0.024377236,-0.22905599,-0.22161746,-0.05068617,-0.102481715,-0.04096228,-0.07662661,-0.0173113,-0.032815583,0.051312845,0.14696324,-0.046812646,0.03721934,0.022070741,-0.024297176,-0.05967907,0.009914973,0.04105794,0.07785072,0.07277965,-0.03555371,-0.038427405,0.08125571,0.091612406,0.15231322,0.03666332,-0.013608552,-0.07851177,0.09061789,-0.08775285,0.02751146,-0.075977586,-0.009041861,-0.15947427,0.08702544,-0.02796605,0.14074555,-0.056145124,-0.07130928,-0.12804271,0.011045227,-0.010875539,0.046110503,0.12424491,-0.023667376,0.12930375,0.14290898,0.05885318,-0.1361704,-0.05669939,-0.21372394,0.05329095,-0.04208633,-0.08973411,0.15118608,-0.07374288,-0.033180147,-0.05398792,-0.015112607,-0.02458853
-0.06559878,-0.027798854,0.05335344,-0.10327352,0.19595075,0.09975684,0.18297741,-0.027702337,0.007542084,0.1488352,-0.06309731,-0.12294315,-0.076966934,0.12817243,-0.15501982,0.06983869,0.10811888,-0.0905595,-0.03582629,0.016072944,-0.04854793,-0.109159365,-0.007877642,-0.11722833,-0.102527894,0.11172588,0.13314816,-0.02484194,-0.0073829917,0.03135659,-0.042001296,0.017525792,0.013618954,0.04927975,0.049950447,0.10037805,-0.049990095,-0.1494533,-0.00070596964,0.00040730365,0.04220664,0.04144026,0.097002134,-0.035209935,0.15017447,0.036099605,0.15178052,0.05472269,-0.044944916,0.06251254,0.11803768,-0.071093984,-0.086307906,0.1589127,0.079545915,0.075042106,0.017094916,0.057203826,-0.1068874,0.025984643,0.055277567,-0.09635616,-0.08219627,-0.047648463,0.02493397,0.024667447,0.05810688,0.062426273,0.028589718,-0.21964118,-0.23630737,-0.052736707,-0.10507559,-0.05099881,-0.06731485,-0.021261144,-0.03304646,0.044153973,0.13473414,-0.043095257,0.04879658,0.011431157,-0.023514666,-0.05274662,0.016477741,0.039659318,0.07973216,0.07222478,-0.027061997,-0.044587404,0.090017624,0.0914564,0.15192047,0.042223312,-0.019298851,-0.07782124,0.101777114,-0.09470186,0.01263421,-0.06731513,-0.0007696279,-0.15688032,0.09296554,-0.027189584,0.13958293,-0.04490405,-0.07290427,-0.12739895,0.022651283,-0.018378822,0.04199432,0.12907824,-0.033896163,0.13865483,0.14562717,0.061077062,-0.120078385,-0.05081488,-0.20334195,0.08053854,-0.028741293,-0.093581475,0.1603378,-0.06711172,-0.022428328,-0.053767055,-0.0123571195,-0.01407638
-0.0687418,-0.01582854,0.045482878,-0.10470175,0.20068762,0.11092665,0.1836797,-0.03300276,0.027951792,0.12662655,-0.03190474,-0.13043763,-0.091753446,0.13520385,-0.14983146,0.07992012,0.11251777,-0.096642874,-0.037132308,-0.0070079104,-0.05670941,-0.1271184,-0.00075063255,-0.11518426,-0.1085831,0.09777105,0.12478955,-0.018329518,-0.011407077,0.043741528,-0.023493903,0.023248931,-8.8305496e-05,0.046368998,0.06902825,0.09444518,-0.034182925,-0.16055472,-0.027273208,-0.0070999805,0.045478076,0.032496344,0.09408424,-0.036946956,0.14915898,0.023976164,0.15629995,0.05996096,-0.03680808,0.05922842,0.124964714,-0.05912313,-0.06800336,0.17444913,0.06487302,0.07277766,0.012146366,0.047134575,-0.09581235,0.027125344,0.056383394,-0.07662117,-0.094982244,-0.037550453,0.036461607,0.022853425,0.061227445,0.059116386,0.03517097,-0.22497441,-0.23630436,-0.058560677,-0.104037285,-0.053936627,-0.072962396,-0.02553066,-0.031733204,0.033263225,0.14610156,-0.06212017,0.0357432,0.015027684,-0.009163803,-0.06497801,0.014250148,0.04412766,0.0897785,0.065707915,-0.023678608,-0.027683299,0.090926126,0.10172632,0.15043944,0.037858106,-0.021630935,-0.07933991,0.075329214,-0.09228607,0.017535562,-0.08586173,-0.005693058,-0.15908659,0.08982076,-0.032395903,0.14490023,-0.050129905,-0.07765983,-0.113695644,0.02046938,-0.01626643,0.032107726,0.110178106,-0.01787222,0.1383278,0.14020883,0.044380736,-0.12940663,-0.04404378,-0.20085944,0.039388973,-0.036514554,-0.07848833,0.16725801,-0.07288654,-0.034263186,-0.064573504,-0.022987256,-0.018777443
